<?xml version="1.0" encoding="UTF-8" standalone="no" ?>
<COLLADA xmlns="http://www.collada.org/2005/11/COLLADASchema" version="1.4.1">
    <asset>
        <contributor>
            <author>Raul G.</author>
            <authoring_tool>SketchUp 22.0.353</authoring_tool>
        </contributor>
        <created>2023-01-31T21:55:27Z</created>
        <modified>2023-01-31T21:55:27Z</modified>
        <unit meter="0.0254" name="inch" />
        <up_axis>Z_UP</up_axis>
    </asset>
    <library_cameras>
        <camera id="ID1" name="skp_camera_Last_Saved_SketchUp_View">
            <optics>
                <technique_common>
                    <perspective>
                        <yfov>35</yfov>
                        <aspect_ratio>0</aspect_ratio>
                        <znear>1</znear>
                        <zfar>1000</zfar>
                    </perspective>
                </technique_common>
            </optics>
        </camera>
    </library_cameras>
    <library_visual_scenes>
        <visual_scene id="ID2">
            <node name="SketchUp">
                <node name="skp_camera_Last_Saved_SketchUp_View">
                    <matrix>0.4125707 -0 0.9109256 88.90584 0.9109256 0 -0.4125707 -15.00414 -0 1 0 20.26089 0 0 0 1</matrix>
                    <instance_camera url="#ID1" />
                </node>
                <node id="ID3" name="group_0">
                    <matrix>1 0 0 -0.07874016 0 1 0 0 0 0 1 3.937008 0 0 0 1</matrix>
                    <node id="ID4" name="group_1">
                        <matrix>1 0 0 0.1574803 0 1 0 0 0 0 1 3.552714e-15 0 0 0 1</matrix>
                        <instance_geometry url="#ID5">
                            <bind_material>
                                <technique_common>
                                    <instance_material symbol="Material2" target="#ID6">
                                        <bind_vertex_input semantic="UVSET0" input_semantic="TEXCOORD" input_set="0" />
                                    </instance_material>
                                    <instance_material symbol="Material3" target="#ID12">
                                        <bind_vertex_input semantic="UVSET0" input_semantic="TEXCOORD" input_set="0" />
                                    </instance_material>
                                </technique_common>
                            </bind_material>
                        </instance_geometry>
                        <instance_geometry url="#ID17">
                            <bind_material>
                                <technique_common>
                                    <instance_material symbol="Material2" target="#ID6">
                                        <bind_vertex_input semantic="UVSET0" input_semantic="TEXCOORD" input_set="0" />
                                    </instance_material>
                                    <instance_material symbol="Material3" target="#ID12">
                                        <bind_vertex_input semantic="UVSET0" input_semantic="TEXCOORD" input_set="0" />
                                    </instance_material>
                                </technique_common>
                            </bind_material>
                        </instance_geometry>
                        <instance_geometry url="#ID25">
                            <bind_material>
                                <technique_common>
                                    <instance_material symbol="Material2" target="#ID6">
                                        <bind_vertex_input semantic="UVSET0" input_semantic="TEXCOORD" input_set="0" />
                                    </instance_material>
                                    <instance_material symbol="Material3" target="#ID12">
                                        <bind_vertex_input semantic="UVSET0" input_semantic="TEXCOORD" input_set="0" />
                                    </instance_material>
                                </technique_common>
                            </bind_material>
                        </instance_geometry>
                        <instance_geometry url="#ID33">
                            <bind_material>
                                <technique_common>
                                    <instance_material symbol="Material2" target="#ID6">
                                        <bind_vertex_input semantic="UVSET0" input_semantic="TEXCOORD" input_set="0" />
                                    </instance_material>
                                    <instance_material symbol="Material3" target="#ID12">
                                        <bind_vertex_input semantic="UVSET0" input_semantic="TEXCOORD" input_set="0" />
                                    </instance_material>
                                </technique_common>
                            </bind_material>
                        </instance_geometry>
                    </node>
                    <node id="ID41" name="group_2">
                        <matrix>1 0 0 0.07874016 0 1 0 0 0 0 1 3.552714e-15 0 0 0 1</matrix>
                        <instance_geometry url="#ID42">
                            <bind_material>
                                <technique_common>
                                    <instance_material symbol="Material2" target="#ID43">
                                        <bind_vertex_input semantic="UVSET0" input_semantic="TEXCOORD" input_set="0" />
                                    </instance_material>
                                    <instance_material symbol="Material3" target="#ID53">
                                        <bind_vertex_input semantic="UVSET0" input_semantic="TEXCOORD" input_set="0" />
                                    </instance_material>
                                </technique_common>
                            </bind_material>
                        </instance_geometry>
                    </node>
                    <node id="ID59" name="instance_0">
                        <matrix>0.4999999 -0.8660255 0 35.00446 0.8660255 0.4999999 0 25.93606 -0 0 1 0 0 0 0 1</matrix>
                        <instance_node url="#ID60" />
                    </node>
                    <node id="ID142" name="instance_3">
                        <matrix>1 0 0 19.76378 0 1 0 0 0 0 1 3.552714e-15 0 0 0 1</matrix>
                        <instance_node url="#ID143" />
                    </node>
                </node>
                <node id="ID146" name="instance_6">
                    <matrix>1 0 0 16.54377 0 1 0 32.2918 0 0 1 -8.881784e-16 0 0 0 1</matrix>
                    <instance_node url="#ID147" />
                </node>
                <node id="ID229" name="instance_7">
                    <matrix>1 0 0 0.8744789 0 1 0 32.2918 0 0 1 -8.881784e-16 0 0 0 1</matrix>
                    <instance_node url="#ID147" />
                </node>
                <node id="ID230" name="instance_8">
                    <matrix>1 0 0 16.54377 0 1 0 0.7957388 0 0 1 -8.881784e-16 0 0 0 1</matrix>
                    <instance_node url="#ID147" />
                </node>
                <node id="ID231" name="instance_9">
                    <matrix>1 0 0 0.8744789 0 1 0 0.7957388 0 0 1 -8.881784e-16 0 0 0 1</matrix>
                    <instance_node url="#ID147" />
                </node>
                <node id="ID232" name="instance_10">
                    <matrix>1 0 0 0.07874016 0 1 0 34.72441 0 0 1 0 0 0 0 1</matrix>
                    <instance_node url="#ID233" />
                </node>
                <node id="ID251" name="instance_11">
                    <matrix>1 0 0 0.07874016 0 1 0 -0.01086118 0 0 1 0 0 0 0 1</matrix>
                    <instance_node url="#ID233" />
                </node>
                <node id="ID252" name="instance_12">
                    <matrix>1 0 0 18.97638 0 1 0 0 0 0 1 0 0 0 0 1</matrix>
                    <instance_node url="#ID253" />
                </node>
                <node id="ID264" name="instance_13">
                    <matrix>1 0 0 0.07874016 0 1 0 0 0 0 1 0 0 0 0 1</matrix>
                    <instance_node url="#ID253" />
                </node>
            </node>
        </visual_scene>
    </library_visual_scenes>
    <library_geometries>
        <geometry id="ID5">
            <mesh>
                <source id="ID8">
                    <float_array id="ID14" count="384">7.105427e-15 0 32.28346 0 0.7086614 31.5748 7.105427e-15 0 0 7.105427e-15 35.43307 32.28346 0 0.7086614 11.22047 0 34.72441 31.5748 0 34.72441 21.73228 0 34.72441 11.22047 7.105427e-15 34.72441 10.51181 7.105427e-15 0.7086614 0.7086614 7.105427e-15 35.43307 0 7.105427e-15 0.7086614 10.51181 7.105427e-15 34.72441 0.7086614 0 0.7086614 21.02362 0 0.7086614 21.73228 0 34.72441 21.02362 0 34.72441 11.22047 0 34.72441 21.73228 0 34.72441 21.02362 0 0.7086614 21.02362 0 0.7086614 21.73228 0 0.7086614 31.5748 0 0.7086614 11.22047 7.105427e-15 34.72441 10.51181 7.105427e-15 0.7086614 10.51181 7.105427e-15 35.43307 32.28346 7.105427e-15 35.43307 0 7.105427e-15 34.72441 0.7086614 7.105427e-15 0.7086614 0.7086614 7.105427e-15 0 0 0 34.72441 31.5748 7.105427e-15 0 32.28346 7.105427e-15 35.43307 0 7.105427e-15 0 0 7.105427e-15 0 32.28346 7.105427e-15 35.43307 32.28346 7.105427e-15 34.72441 10.51181 7.105427e-15 0.7086614 10.51181 7.105427e-15 0.7086614 0.7086614 7.105427e-15 34.72441 0.7086614 0 0.7086614 11.22047 0 0.7086614 21.02362 0 34.72441 11.22047 0 34.72441 21.02362 0 34.72441 31.5748 0 0.7086614 31.5748 0 0.7086614 21.73228 0 34.72441 21.73228 19.6063 35.43307 0 7.105427e-15 0 0 7.105427e-15 35.43307 0 19.6063 0 0 19.6063 0 0 19.6063 35.43307 0 7.105427e-15 0 0 7.105427e-15 35.43307 0 19.6063 0 0 19.6063 35.43307 0 19.6063 0 32.28346 7.105427e-15 0 0 19.6063 0 0 7.105427e-15 0 32.28346 7.105427e-15 0 32.28346 19.6063 0 32.28346 7.105427e-15 0 0 19.6063 0 0 19.6063 0 32.28346 19.6063 0 32.28346 7.105427e-15 35.43307 32.28346 7.105427e-15 0 32.28346 19.6063 35.43307 32.28346 19.6063 35.43307 32.28346 19.6063 0 32.28346 7.105427e-15 35.43307 32.28346 7.105427e-15 0 32.28346 19.6063 35.43307 32.28346 7.105427e-15 35.43307 32.28346 19.6063 35.43307 0 7.105427e-15 35.43307 0 19.6063 35.43307 32.28346 19.6063 35.43307 32.28346 7.105427e-15 35.43307 32.28346 19.6063 35.43307 0 7.105427e-15 35.43307 0 19.6063 0 0 19.6063 0.7086614 0.7086614 19.6063 0 32.28346 19.6063 35.43307 0 19.6063 0.7086614 10.51181 19.6063 34.72441 0.7086614 19.6063 34.72441 10.51181 19.6063 34.72441 11.22047 19.6063 34.72441 21.73228 19.6063 0.7086614 31.5748 19.6063 35.43307 32.28346 19.6063 0.7086614 11.22047 19.6063 34.72441 31.5748 19.6063 0.7086614 21.02362 19.6063 0.7086614 21.73228 19.6063 34.72441 21.02362 19.6063 34.72441 11.22047 19.6063 34.72441 10.51181 19.6063 0.7086614 11.22047 19.6063 0.7086614 10.51181 19.6063 34.72441 21.02362 19.6063 34.72441 21.73228 19.6063 0.7086614 21.73228 19.6063 0.7086614 21.02362 19.6063 0.7086614 31.5748 19.6063 35.43307 0 19.6063 35.43307 32.28346 19.6063 34.72441 31.5748 19.6063 0 32.28346 19.6063 34.72441 0.7086614 19.6063 0.7086614 0.7086614 19.6063 0 0 19.6063 34.72441 10.51181 19.6063 0.7086614 10.51181 19.6063 34.72441 0.7086614 19.6063 0.7086614 0.7086614 19.6063 0.7086614 11.22047 19.6063 0.7086614 21.02362 19.6063 34.72441 21.02362 19.6063 34.72441 11.22047 19.6063 34.72441 31.5748 19.6063 0.7086614 31.5748 19.6063 34.72441 21.73228 19.6063 0.7086614 21.73228</float_array>
                    <technique_common>
                        <accessor count="128" source="#ID14" stride="3">
                            <param name="X" type="float" />
                            <param name="Y" type="float" />
                            <param name="Z" type="float" />
                        </accessor>
                    </technique_common>
                </source>
                <source id="ID9">
                    <float_array id="ID15" count="384">-1 -0 -0 -1 -0 -0 -1 -0 -0 -1 -0 -0 -1 -0 -0 -1 -0 -0 -1 -0 -0 -1 -0 -0 -1 -0 -0 -1 -0 -0 -1 -0 -0 -1 -0 -0 -1 -0 -0 -1 -0 -0 -1 -0 -0 -1 -0 -0 1 0 0 1 0 0 1 0 0 1 0 0 1 0 0 1 0 0 1 0 0 1 0 0 1 0 0 1 0 0 1 0 0 1 0 0 1 0 0 1 0 0 1 0 0 1 0 0 0 0 0 0 0 0 0 0 0 0 0 0 0 0 0 0 0 0 0 0 0 0 0 0 0 0 0 0 0 0 0 0 0 0 0 0 0 0 0 0 0 0 0 0 0 0 0 0 0 0 -1 0 0 -1 0 0 -1 0 0 -1 -0 -0 1 -0 -0 1 -0 -0 1 -0 -0 1 0 0 0 0 0 0 0 -1 0 0 -1 0 0 -1 0 0 -1 0 -0 1 -0 -0 1 -0 -0 1 -0 -0 1 -0 0 0 0 0 0 1 0 0 1 0 0 1 0 0 1 -0 -0 -1 -0 -0 -1 -0 -0 -1 -0 -0 -1 0 0 0 0 1 0 0 1 0 0 1 0 0 1 0 -0 -1 -0 -0 -1 -0 -0 -1 -0 -0 -1 -0 1 0 0 1 0 0 1 0 0 1 0 0 1 0 0 1 0 0 1 0 0 1 0 0 1 0 0 1 0 0 1 0 0 1 0 0 1 0 0 1 0 0 1 0 0 1 0 0 -1 -0 -0 -1 -0 -0 -1 -0 -0 -1 -0 -0 -1 -0 -0 -1 -0 -0 -1 -0 -0 -1 -0 -0 -1 -0 -0 -1 -0 -0 -1 -0 -0 -1 -0 -0 -1 -0 -0 -1 -0 -0 -1 -0 -0 -1 -0 -0 0 0 0 0 0 0 0 0 0 0 0 0 0 0 0 0 0 0 0 0 0 0 0 0 0 0 0 0 0 0 0 0 0 0 0 0</float_array>
                    <technique_common>
                        <accessor count="128" source="#ID15" stride="3">
                            <param name="X" type="float" />
                            <param name="Y" type="float" />
                            <param name="Z" type="float" />
                        </accessor>
                    </technique_common>
                </source>
                <source id="ID10">
                    <Name_array id="ID16" count="0" />
                    <technique_common>
                        <accessor count="0" source="#ID16" stride="1">
                            <param name="skp_material" type="Name" />
                        </accessor>
                    </technique_common>
                </source>
                <vertices id="ID11">
                    <input semantic="POSITION" source="#ID8" />
                    <input semantic="NORMAL" source="#ID9" />
                </vertices>
                <triangles count="96" material="Material2">
                    <input offset="0" semantic="VERTEX" source="#ID11" />
                    <p>0 1 2 1 0 3 2 1 4 1 3 5 5 3 6 6 3 7 7 3 8 2 9 10 9 2 11 11 2 4 10 9 12 10 12 8 10 8 3 7 11 4 11 7 8 1 13 4 13 1 14 13 14 6 13 6 15 15 6 7 16 17 18 18 17 19 17 20 19 20 21 19 22 19 21 23 16 24 22 24 16 25 23 26 23 27 26 27 28 26 22 29 24 24 29 28 26 28 29 23 25 16 16 25 17 17 25 30 30 25 21 22 21 29 25 31 21 29 21 31 48 49 50 49 48 51 52 53 54 55 54 53 58 59 60 59 58 61 62 63 64 65 64 63 67 68 69 68 67 70 71 72 73 74 73 72 76 77 78 77 76 79 80 81 82 83 82 81 84 85 86 85 84 87 86 85 88 85 87 89 89 87 90 90 87 91 91 87 92 86 93 94 93 86 95 95 86 88 94 93 96 94 96 92 94 92 87 97 93 95 93 97 98 98 97 99 98 99 92 92 99 91 90 95 88 95 90 91 100 101 102 103 102 101 100 104 105 105 104 106 104 107 106 106 107 108 102 108 107 109 105 110 105 111 110 111 108 110 103 112 102 102 112 108 110 108 112 105 109 100 100 109 101 101 109 113 113 109 114 103 114 112 109 115 114 112 114 115</p>
                </triangles>
                <lines count="36" material="Material3">
                    <input offset="0" semantic="VERTEX" source="#ID11" />
                    <p>32 33 33 34 35 34 32 35 36 37 37 38 38 39 39 36 40 41 42 40 43 42 41 43 44 45 45 46 46 47 47 44 33 56 57 32 56 57 56 66 34 66 66 75 75 35 57 75 116 117 118 116 119 118 117 119 120 121 121 122 122 123 123 120 124 125 126 124 127 126 125 127</p>
                </lines>
            </mesh>
        </geometry>
        <geometry id="ID17">
            <mesh>
                <source id="ID18">
                    <float_array id="ID22" count="120">19.6063 0.7086614 11.22047 0 34.72441 11.22047 0 0.7086614 11.22047 19.6063 34.72441 11.22047 19.6063 34.72441 11.22047 19.6063 0.7086614 11.22047 0 34.72441 11.22047 0 0.7086614 11.22047 19.6063 34.72441 11.22047 19.6063 0.7086614 11.22047 0 34.72441 11.22047 0 0.7086614 11.22047 19.6063 34.72441 21.02362 0 34.72441 11.22047 19.6063 34.72441 11.22047 0 34.72441 21.02362 0 34.72441 21.02362 19.6063 34.72441 21.02362 0 34.72441 11.22047 19.6063 34.72441 11.22047 19.6063 34.72441 21.02362 0 34.72441 21.02362 0 0.7086614 21.02362 19.6063 0.7086614 11.22047 0 0.7086614 11.22047 19.6063 0.7086614 21.02362 19.6063 0.7086614 21.02362 0 0.7086614 21.02362 19.6063 0.7086614 11.22047 0 0.7086614 11.22047 19.6063 0.7086614 21.02362 0 0.7086614 21.02362 19.6063 34.72441 21.02362 0 0.7086614 21.02362 0 34.72441 21.02362 19.6063 0.7086614 21.02362 19.6063 0.7086614 21.02362 19.6063 34.72441 21.02362 0 0.7086614 21.02362 0 34.72441 21.02362</float_array>
                    <technique_common>
                        <accessor count="40" source="#ID22" stride="3">
                            <param name="X" type="float" />
                            <param name="Y" type="float" />
                            <param name="Z" type="float" />
                        </accessor>
                    </technique_common>
                </source>
                <source id="ID19">
                    <float_array id="ID23" count="120">0 0 1 0 0 1 0 0 1 0 0 1 -0 -0 -1 -0 -0 -1 -0 -0 -1 -0 -0 -1 0 0 0 0 0 0 0 0 0 0 0 0 -0 -1 -7.248107e-16 -0 -1 -7.248107e-16 -0 -1 -7.248107e-16 -0 -1 -7.248107e-16 0 1 7.248107e-16 0 1 7.248107e-16 0 1 7.248107e-16 0 1 7.248107e-16 0 0 0 0 0 0 0 1 -1.585523e-16 0 1 -1.585523e-16 0 1 -1.585523e-16 0 1 -1.585523e-16 -0 -1 1.585523e-16 -0 -1 1.585523e-16 -0 -1 1.585523e-16 -0 -1 1.585523e-16 0 0 0 0 0 0 -0 -0 -1 -0 -0 -1 -0 -0 -1 -0 -0 -1 0 0 1 0 0 1 0 0 1 0 0 1</float_array>
                    <technique_common>
                        <accessor count="40" source="#ID23" stride="3">
                            <param name="X" type="float" />
                            <param name="Y" type="float" />
                            <param name="Z" type="float" />
                        </accessor>
                    </technique_common>
                </source>
                <source id="ID20">
                    <Name_array id="ID24" count="0" />
                    <technique_common>
                        <accessor count="0" source="#ID24" stride="1">
                            <param name="skp_material" type="Name" />
                        </accessor>
                    </technique_common>
                </source>
                <vertices id="ID21">
                    <input semantic="POSITION" source="#ID18" />
                    <input semantic="NORMAL" source="#ID19" />
                </vertices>
                <triangles count="16" material="Material2">
                    <input offset="0" semantic="VERTEX" source="#ID21" />
                    <p>0 1 2 1 0 3 4 5 6 7 6 5 12 13 14 13 12 15 16 17 18 19 18 17 22 23 24 23 22 25 26 27 28 29 28 27 32 33 34 33 32 35 36 37 38 39 38 37</p>
                </triangles>
                <lines count="12" material="Material3">
                    <input offset="0" semantic="VERTEX" source="#ID21" />
                    <p>8 9 8 10 10 11 9 11 20 8 20 21 21 10 9 30 11 31 30 31 30 20 31 21</p>
                </lines>
            </mesh>
        </geometry>
        <geometry id="ID25">
            <mesh>
                <source id="ID26">
                    <float_array id="ID30" count="120">19.6063 34.72441 10.51181 7.105427e-15 0.7086614 10.51181 7.105427e-15 34.72441 10.51181 19.6063 0.7086614 10.51181 19.6063 0.7086614 10.51181 19.6063 34.72441 10.51181 7.105427e-15 0.7086614 10.51181 7.105427e-15 34.72441 10.51181 19.6063 34.72441 10.51181 19.6063 0.7086614 10.51181 7.105427e-15 0.7086614 10.51181 7.105427e-15 34.72441 10.51181 7.105427e-15 0.7086614 10.51181 19.6063 0.7086614 0.7086614 7.105427e-15 0.7086614 0.7086614 19.6063 0.7086614 10.51181 19.6063 0.7086614 10.51181 7.105427e-15 0.7086614 10.51181 19.6063 0.7086614 0.7086614 7.105427e-15 0.7086614 0.7086614 19.6063 0.7086614 0.7086614 7.105427e-15 0.7086614 0.7086614 19.6063 34.72441 10.51181 7.105427e-15 34.72441 0.7086614 19.6063 34.72441 0.7086614 7.105427e-15 34.72441 10.51181 7.105427e-15 34.72441 10.51181 19.6063 34.72441 10.51181 7.105427e-15 34.72441 0.7086614 19.6063 34.72441 0.7086614 19.6063 34.72441 0.7086614 7.105427e-15 34.72441 0.7086614 19.6063 0.7086614 0.7086614 7.105427e-15 34.72441 0.7086614 7.105427e-15 0.7086614 0.7086614 19.6063 34.72441 0.7086614 19.6063 34.72441 0.7086614 19.6063 0.7086614 0.7086614 7.105427e-15 34.72441 0.7086614 7.105427e-15 0.7086614 0.7086614</float_array>
                    <technique_common>
                        <accessor count="40" source="#ID30" stride="3">
                            <param name="X" type="float" />
                            <param name="Y" type="float" />
                            <param name="Z" type="float" />
                        </accessor>
                    </technique_common>
                </source>
                <source id="ID27">
                    <float_array id="ID31" count="120">-0 -0 -1 -0 -0 -1 -0 -0 -1 -0 -0 -1 0 0 1 0 0 1 0 0 1 0 0 1 0 0 0 0 0 0 0 0 0 0 0 0 0 1 6.7951e-17 0 1 6.7951e-17 0 1 6.7951e-17 0 1 6.7951e-17 -0 -1 -6.7951e-17 -0 -1 -6.7951e-17 -0 -1 -6.7951e-17 -0 -1 -6.7951e-17 0 0 0 0 0 0 0 -1 7.248107e-16 0 -1 7.248107e-16 0 -1 7.248107e-16 0 -1 7.248107e-16 -0 1 -7.248107e-16 -0 1 -7.248107e-16 -0 1 -7.248107e-16 -0 1 -7.248107e-16 0 0 0 0 0 0 0 -5.22216e-17 1 0 -5.22216e-17 1 0 -5.22216e-17 1 0 -5.22216e-17 1 -0 5.22216e-17 -1 -0 5.22216e-17 -1 -0 5.22216e-17 -1 -0 5.22216e-17 -1</float_array>
                    <technique_common>
                        <accessor count="40" source="#ID31" stride="3">
                            <param name="X" type="float" />
                            <param name="Y" type="float" />
                            <param name="Z" type="float" />
                        </accessor>
                    </technique_common>
                </source>
                <source id="ID28">
                    <Name_array id="ID32" count="0" />
                    <technique_common>
                        <accessor count="0" source="#ID32" stride="1">
                            <param name="skp_material" type="Name" />
                        </accessor>
                    </technique_common>
                </source>
                <vertices id="ID29">
                    <input semantic="POSITION" source="#ID26" />
                    <input semantic="NORMAL" source="#ID27" />
                </vertices>
                <triangles count="16" material="Material2">
                    <input offset="0" semantic="VERTEX" source="#ID29" />
                    <p>0 1 2 1 0 3 4 5 6 7 6 5 12 13 14 13 12 15 16 17 18 19 18 17 22 23 24 23 22 25 26 27 28 29 28 27 32 33 34 33 32 35 36 37 38 39 38 37</p>
                </triangles>
                <lines count="12" material="Material3">
                    <input offset="0" semantic="VERTEX" source="#ID29" />
                    <p>8 9 9 10 11 10 8 11 9 20 20 21 10 21 30 8 31 11 30 31 20 30 21 31</p>
                </lines>
            </mesh>
        </geometry>
        <geometry id="ID33">
            <mesh>
                <source id="ID34">
                    <float_array id="ID38" count="120">19.6063 34.72441 31.5748 0 0.7086614 31.5748 0 34.72441 31.5748 19.6063 0.7086614 31.5748 19.6063 0.7086614 31.5748 19.6063 34.72441 31.5748 0 0.7086614 31.5748 0 34.72441 31.5748 19.6063 34.72441 31.5748 19.6063 0.7086614 31.5748 0 0.7086614 31.5748 0 34.72441 31.5748 0 0.7086614 31.5748 19.6063 0.7086614 21.73228 0 0.7086614 21.73228 19.6063 0.7086614 31.5748 19.6063 0.7086614 31.5748 0 0.7086614 31.5748 19.6063 0.7086614 21.73228 0 0.7086614 21.73228 19.6063 0.7086614 21.73228 0 0.7086614 21.73228 19.6063 34.72441 31.5748 0 34.72441 21.73228 19.6063 34.72441 21.73228 0 34.72441 31.5748 0 34.72441 31.5748 19.6063 34.72441 31.5748 0 34.72441 21.73228 19.6063 34.72441 21.73228 19.6063 34.72441 21.73228 0 34.72441 21.73228 19.6063 0.7086614 21.73228 0 34.72441 21.73228 0 0.7086614 21.73228 19.6063 34.72441 21.73228 19.6063 34.72441 21.73228 19.6063 0.7086614 21.73228 0 34.72441 21.73228 0 0.7086614 21.73228</float_array>
                    <technique_common>
                        <accessor count="40" source="#ID38" stride="3">
                            <param name="X" type="float" />
                            <param name="Y" type="float" />
                            <param name="Z" type="float" />
                        </accessor>
                    </technique_common>
                </source>
                <source id="ID35">
                    <float_array id="ID39" count="120">-0 -0 -1 -0 -0 -1 -0 -0 -1 -0 -0 -1 0 0 1 0 0 1 0 0 1 0 0 1 0 0 0 0 0 0 0 0 0 0 0 0 0 1 9.023893e-17 0 1 9.023893e-17 0 1 9.023893e-17 0 1 9.023893e-17 -0 -1 -9.023893e-17 -0 -1 -9.023893e-17 -0 -1 -9.023893e-17 -0 -1 -9.023893e-17 0 0 0 0 0 0 -0 -1 -7.219114e-16 -0 -1 -7.219114e-16 -0 -1 -7.219114e-16 -0 -1 -7.219114e-16 0 1 7.219114e-16 0 1 7.219114e-16 0 1 7.219114e-16 0 1 7.219114e-16 0 0 0 0 0 0 0 0 1 0 0 1 0 0 1 0 0 1 -0 -0 -1 -0 -0 -1 -0 -0 -1 -0 -0 -1</float_array>
                    <technique_common>
                        <accessor count="40" source="#ID39" stride="3">
                            <param name="X" type="float" />
                            <param name="Y" type="float" />
                            <param name="Z" type="float" />
                        </accessor>
                    </technique_common>
                </source>
                <source id="ID36">
                    <Name_array id="ID40" count="0" />
                    <technique_common>
                        <accessor count="0" source="#ID40" stride="1">
                            <param name="skp_material" type="Name" />
                        </accessor>
                    </technique_common>
                </source>
                <vertices id="ID37">
                    <input semantic="POSITION" source="#ID34" />
                    <input semantic="NORMAL" source="#ID35" />
                </vertices>
                <triangles count="16" material="Material2">
                    <input offset="0" semantic="VERTEX" source="#ID37" />
                    <p>0 1 2 1 0 3 4 5 6 7 6 5 12 13 14 13 12 15 16 17 18 19 18 17 22 23 24 23 22 25 26 27 28 29 28 27 32 33 34 33 32 35 36 37 38 39 38 37</p>
                </triangles>
                <lines count="12" material="Material3">
                    <input offset="0" semantic="VERTEX" source="#ID37" />
                    <p>8 9 9 10 11 10 8 11 9 20 20 21 10 21 30 8 31 11 30 31 20 30 21 31</p>
                </lines>
            </mesh>
        </geometry>
        <geometry id="ID42">
            <mesh>
                <source id="ID48">
                    <float_array id="ID55" count="168">0.07874016 35.43307 0 0.07874016 0 32.28346 0.07874016 0 0 0.07874016 35.43307 32.28346 0.07874016 35.43307 32.28346 0.07874016 35.43307 0 0.07874016 0 32.28346 0.07874016 0 0 0.07874016 35.43307 32.28346 0.07874016 35.43307 0 0.07874016 0 32.28346 0.07874016 0 0 0 35.43307 32.28346 0.07874016 35.43307 0 0 35.43307 0 0.07874016 35.43307 32.28346 0.07874016 35.43307 32.28346 0 35.43307 32.28346 0.07874016 35.43307 0 0 35.43307 0 0 35.43307 0 0 35.43307 32.28346 0.07874016 0 32.28346 0 35.43307 32.28346 0 0 32.28346 0.07874016 35.43307 32.28346 0.07874016 35.43307 32.28346 0.07874016 0 32.28346 0 35.43307 32.28346 0 0 32.28346 0 0 32.28346 0.07874016 0 32.28346 0 0 0 0.07874016 0 0 0 0 32.28346 0 0 32.28346 0.07874016 0 32.28346 0 0 0 0.07874016 0 0 0 0 0 0.07874016 35.43307 0 0 0 0 0 35.43307 0 0.07874016 0 0 0.07874016 0 0 0.07874016 35.43307 0 0 0 0 0 35.43307 0 0 35.43307 32.28346 0 0 0 0 0 32.28346 0 35.43307 0 0 35.43307 0 0 35.43307 32.28346 0 0 0 0 0 32.28346</float_array>
                    <technique_common>
                        <accessor count="56" source="#ID55" stride="3">
                            <param name="X" type="float" />
                            <param name="Y" type="float" />
                            <param name="Z" type="float" />
                        </accessor>
                    </technique_common>
                </source>
                <source id="ID49">
                    <float_array id="ID56" count="168">1 0 0 1 0 0 1 0 0 1 0 0 -1 -0 -0 -1 -0 -0 -1 -0 -0 -1 -0 -0 0 0 0 0 0 0 0 0 0 0 0 0 0 1 0 0 1 0 0 1 0 0 1 0 -0 -1 -0 -0 -1 -0 -0 -1 -0 -0 -1 -0 0 0 0 0 0 0 0 0 1 0 0 1 0 0 1 0 0 1 -0 -0 -1 -0 -0 -1 -0 -0 -1 -0 -0 -1 0 0 0 0 -1 0 0 -1 0 0 -1 0 0 -1 0 -0 1 -0 -0 1 -0 -0 1 -0 -0 1 -0 0 0 0 -0 -0 -1 -0 -0 -1 -0 -0 -1 -0 -0 -1 0 0 1 0 0 1 0 0 1 0 0 1 -1 0 0 -1 0 0 -1 0 0 -1 0 0 1 -0 -0 1 -0 -0 1 -0 -0 1 -0 -0</float_array>
                    <technique_common>
                        <accessor count="56" source="#ID56" stride="3">
                            <param name="X" type="float" />
                            <param name="Y" type="float" />
                            <param name="Z" type="float" />
                        </accessor>
                    </technique_common>
                </source>
                <source id="ID50">
                    <Name_array id="ID58" count="0" />
                    <technique_common>
                        <accessor count="0" source="#ID58" stride="1">
                            <param name="skp_material" type="Name" />
                        </accessor>
                    </technique_common>
                </source>
                <source id="ID52">
                    <float_array id="ID57" count="26">2.952756 0 0 2.690289 0 0 2.952756 2.690289 -0.00656168 0 -0.00656168 2.690289 0.00656168 0 0 2.952756 0.00656168 2.952756 0.00656168 2.690289 -0.00656168 2.952756 -2.952756 2.690289 -2.952756 0</float_array>
                    <technique_common>
                        <accessor count="13" source="#ID57" stride="2">
                            <param name="S" type="float" />
                            <param name="T" type="float" />
                        </accessor>
                    </technique_common>
                </source>
                <vertices id="ID51">
                    <input semantic="POSITION" source="#ID48" />
                    <input semantic="NORMAL" source="#ID49" />
                </vertices>
                <triangles count="24" material="Material2">
                    <input offset="0" semantic="VERTEX" source="#ID51" />
                    <input offset="1" semantic="TEXCOORD" source="#ID52" />
                    <p>0 0 1 1 2 2 1 1 0 0 3 3 4 3 5 0 6 1 7 2 6 1 5 0 12 1 13 4 14 2 13 4 12 1 15 5 16 5 17 1 18 4 19 2 18 4 17 1 22 6 23 7 24 2 23 7 22 6 25 8 26 8 27 6 28 7 29 2 28 7 27 6 31 9 32 2 33 6 32 2 31 9 34 1 35 1 36 9 37 2 38 6 37 2 36 9 40 10 41 2 42 7 41 2 40 10 43 4 44 4 45 10 46 2 47 7 46 2 45 10 48 11 49 2 50 1 49 2 48 11 51 12 52 12 53 11 54 2 55 1 54 2 53 11</p>
                </triangles>
                <lines count="12" material="Material3">
                    <input offset="0" semantic="VERTEX" source="#ID51" />
                    <p>8 9 10 8 11 10 9 11 9 20 21 20 8 21 30 21 10 30 39 30 11 39 20 39</p>
                </lines>
            </mesh>
        </geometry>
        <geometry id="ID63">
            <mesh>
                <source id="ID66">
                    <float_array id="ID80" count="36">0.7874016 0.7874016 8.751969 0.7874024 8.23583e-10 0.7874016 0.7874016 8.23583e-10 8.751969 0.7874024 0.7874016 0.7874016 0.7874024 0.7874016 0.7874016 0.7874016 0.7874016 8.751969 0.7874024 8.23583e-10 0.7874016 0.7874016 8.23583e-10 8.751969 0.7874016 8.23583e-10 8.751969 0.7874016 0.7874016 8.751969 0.7874024 0.7874016 0.7874016 0.7874024 8.23583e-10 0.7874016</float_array>
                    <technique_common>
                        <accessor count="12" source="#ID80" stride="3">
                            <param name="X" type="float" />
                            <param name="Y" type="float" />
                            <param name="Z" type="float" />
                        </accessor>
                    </technique_common>
                </source>
                <source id="ID67">
                    <float_array id="ID81" count="36">-1 1.045955e-09 -9.835133e-08 -1 1.045955e-09 -9.835133e-08 -1 1.045955e-09 -9.835133e-08 -1 1.045955e-09 -9.835133e-08 1 -1.045955e-09 9.835133e-08 1 -1.045955e-09 9.835133e-08 1 -1.045955e-09 9.835133e-08 1 -1.045955e-09 9.835133e-08 0 0 0 0 0 0 0 0 0 0 0 0</float_array>
                    <technique_common>
                        <accessor count="12" source="#ID81" stride="3">
                            <param name="X" type="float" />
                            <param name="Y" type="float" />
                            <param name="Z" type="float" />
                        </accessor>
                    </technique_common>
                </source>
                <source id="ID68">
                    <Name_array id="ID83" count="0" />
                    <technique_common>
                        <accessor count="0" source="#ID83" stride="1">
                            <param name="skp_material" type="Name" />
                        </accessor>
                    </technique_common>
                </source>
                <source id="ID75">
                    <float_array id="ID82" count="8">-2.220446e-16 1.387779e-17 8.881784e-16 1 1 1.387779e-17 1 1</float_array>
                    <technique_common>
                        <accessor count="4" source="#ID82" stride="2">
                            <param name="S" type="float" />
                            <param name="T" type="float" />
                        </accessor>
                    </technique_common>
                </source>
                <vertices id="ID69">
                    <input semantic="POSITION" source="#ID66" />
                    <input semantic="NORMAL" source="#ID67" />
                </vertices>
                <triangles count="2" material="Material2">
                    <input offset="0" semantic="VERTEX" source="#ID69" />
                    <p>0 1 2 1 0 3</p>
                </triangles>
                <triangles count="2" material="Material3">
                    <input offset="0" semantic="VERTEX" source="#ID69" />
                    <input offset="1" semantic="TEXCOORD" source="#ID75" />
                    <p>4 0 5 1 6 2 7 3 6 2 5 1</p>
                </triangles>
                <lines count="3" material="Material4">
                    <input offset="0" semantic="VERTEX" source="#ID69" />
                    <p>8 9 9 10 11 10</p>
                </lines>
                <lines count="1" material="Material5">
                    <input offset="0" semantic="VERTEX" source="#ID69" />
                    <p>11 8</p>
                </lines>
            </mesh>
        </geometry>
        <geometry id="ID84">
            <mesh>
                <source id="ID90">
                    <float_array id="ID95" count="36">7.105427e-15 0.7874016 9.53937 5.595185e-08 1.647173e-09 8.751969 0 1.647173e-09 9.53937 5.595185e-08 0.7874016 8.751969 5.595185e-08 0.7874016 8.751969 7.105427e-15 0.7874016 9.53937 5.595185e-08 1.647173e-09 8.751969 0 1.647173e-09 9.53937 0 1.647173e-09 9.53937 5.595185e-08 1.647173e-09 8.751969 7.105427e-15 0.7874016 9.53937 5.595185e-08 0.7874016 8.751969</float_array>
                    <technique_common>
                        <accessor count="12" source="#ID95" stride="3">
                            <param name="X" type="float" />
                            <param name="Y" type="float" />
                            <param name="Z" type="float" />
                        </accessor>
                    </technique_common>
                </source>
                <source id="ID91">
                    <float_array id="ID96" count="36">-1 9.023893e-15 -7.105885e-08 -1 9.023893e-15 -7.105885e-08 -1 9.023893e-15 -7.105885e-08 -1 9.023893e-15 -7.105885e-08 1 -9.023893e-15 7.105885e-08 1 -9.023893e-15 7.105885e-08 1 -9.023893e-15 7.105885e-08 1 -9.023893e-15 7.105885e-08 0 0 0 0 0 0 0 0 0 0 0 0</float_array>
                    <technique_common>
                        <accessor count="12" source="#ID96" stride="3">
                            <param name="X" type="float" />
                            <param name="Y" type="float" />
                            <param name="Z" type="float" />
                        </accessor>
                    </technique_common>
                </source>
                <source id="ID92">
                    <Name_array id="ID98" count="0" />
                    <technique_common>
                        <accessor count="0" source="#ID98" stride="1">
                            <param name="skp_material" type="Name" />
                        </accessor>
                    </technique_common>
                </source>
                <source id="ID94">
                    <float_array id="ID97" count="8">1.230703 0.752477 1.210703 0.732477 1.230703 0.732477 1.210703 0.752477</float_array>
                    <technique_common>
                        <accessor count="4" source="#ID97" stride="2">
                            <param name="S" type="float" />
                            <param name="T" type="float" />
                        </accessor>
                    </technique_common>
                </source>
                <vertices id="ID93">
                    <input semantic="POSITION" source="#ID90" />
                    <input semantic="NORMAL" source="#ID91" />
                </vertices>
                <triangles count="2" material="Material3">
                    <input offset="0" semantic="VERTEX" source="#ID93" />
                    <input offset="1" semantic="TEXCOORD" source="#ID94" />
                    <p>0 0 1 1 2 2 1 1 0 0 3 3</p>
                </triangles>
                <triangles count="2" material="Material2">
                    <input offset="0" semantic="VERTEX" source="#ID93" />
                    <p>4 5 6 7 6 5</p>
                </triangles>
                <lines count="4" material="Material4">
                    <input offset="0" semantic="VERTEX" source="#ID93" />
                    <p>8 9 10 8 11 10 9 11</p>
                </lines>
            </mesh>
        </geometry>
        <geometry id="ID99">
            <mesh>
                <source id="ID105">
                    <float_array id="ID112" count="216">1.574804 0 1.119037e-07 7.837286e-07 1.647173e-09 0.7874016 8.380344e-07 1.647173e-09 0 0.7874024 8.23583e-10 0.7874016 1.574803 0 9.53937 0.7874016 8.23583e-10 8.751969 0 1.647173e-09 9.53937 5.595185e-08 1.647173e-09 8.751969 0.7874016 8.23583e-10 8.751969 5.595185e-08 1.647173e-09 8.751969 0 1.647173e-09 9.53937 1.574803 0 9.53937 0.7874024 8.23583e-10 0.7874016 1.574804 0 1.119037e-07 7.837286e-07 1.647173e-09 0.7874016 8.380344e-07 1.647173e-09 0 0 1.647173e-09 9.53937 5.595185e-08 1.647173e-09 8.751969 0.7874016 8.23583e-10 8.751969 0.7874024 8.23583e-10 0.7874016 7.837286e-07 1.647173e-09 0.7874016 8.380344e-07 1.647173e-09 0 1.574804 0 1.119037e-07 1.574803 0 9.53937 8.38858e-07 0.7874016 0 1.574804 0 1.119037e-07 8.380344e-07 1.647173e-09 0 1.574804 0.7874016 1.119037e-07 1.574804 0.7874016 1.119037e-07 8.38858e-07 0.7874016 0 1.574804 0 1.119037e-07 8.380344e-07 1.647173e-09 0 1.574804 0.7874016 1.119037e-07 8.38858e-07 0.7874016 0 1.574804 0.7874016 1.119037e-07 1.574803 0 9.53937 1.574804 0 1.119037e-07 1.574803 0.7874016 9.53937 1.574803 0.7874016 9.53937 1.574804 0.7874016 1.119037e-07 1.574803 0 9.53937 1.574804 0 1.119037e-07 1.574803 0.7874016 9.53937 1.574803 0 9.53937 7.105427e-15 0.7874016 9.53937 0 1.647173e-09 9.53937 1.574803 0.7874016 9.53937 1.574803 0.7874016 9.53937 1.574803 0 9.53937 7.105427e-15 0.7874016 9.53937 0 1.647173e-09 9.53937 7.105427e-15 0.7874016 9.53937 7.105427e-15 0.7874016 9.53937 0.7874016 0.7874016 8.751969 5.595185e-08 0.7874016 8.751969 7.829061e-07 0.7874016 0.7874016 1.574804 0.7874016 1.119037e-07 8.38858e-07 0.7874016 0 0.7874024 0.7874016 0.7874016 1.574803 0.7874016 9.53937 7.105427e-15 0.7874016 9.53937 0.7874016 0.7874016 8.751969 1.574803 0.7874016 9.53937 0.7874024 0.7874016 0.7874016 1.574804 0.7874016 1.119037e-07 7.829061e-07 0.7874016 0.7874016 8.38858e-07 0.7874016 0 5.595185e-08 0.7874016 8.751969 0.7874024 0.7874016 0.7874016 7.829061e-07 0.7874016 0.7874016 0.7874016 0.7874016 8.751969 5.595185e-08 0.7874016 8.751969</float_array>
                    <technique_common>
                        <accessor count="72" source="#ID112" stride="3">
                            <param name="X" type="float" />
                            <param name="Y" type="float" />
                            <param name="Z" type="float" />
                        </accessor>
                    </technique_common>
                </source>
                <source id="ID106">
                    <float_array id="ID113" count="216">-1.045955e-09 -1 -9.674832e-17 -1.045955e-09 -1 -9.674832e-17 -1.045955e-09 -1 -9.674832e-17 -1.045955e-09 -1 -9.674832e-17 -1.045955e-09 -1 -9.674832e-17 -1.045955e-09 -1 -9.674832e-17 -1.045955e-09 -1 -9.674832e-17 -1.045955e-09 -1 -9.674832e-17 1.045955e-09 1 9.674832e-17 1.045955e-09 1 9.674832e-17 1.045955e-09 1 9.674832e-17 1.045955e-09 1 9.674832e-17 1.045955e-09 1 9.674832e-17 1.045955e-09 1 9.674832e-17 1.045955e-09 1 9.674832e-17 1.045955e-09 1 9.674832e-17 0 0 0 0 0 0 0 0 0 0 0 0 0 0 0 0 0 0 0 0 0 0 0 0 7.105884e-08 -8.19881e-18 -1 7.105884e-08 -8.19881e-18 -1 7.105884e-08 -8.19881e-18 -1 7.105884e-08 -8.19881e-18 -1 -7.105884e-08 8.19881e-18 1 -7.105884e-08 8.19881e-18 1 -7.105884e-08 8.19881e-18 1 -7.105884e-08 8.19881e-18 1 0 0 0 0 0 0 1 -1.045955e-09 9.384576e-08 1 -1.045955e-09 9.384576e-08 1 -1.045955e-09 9.384576e-08 1 -1.045955e-09 9.384576e-08 -1 1.045955e-09 -9.384576e-08 -1 1.045955e-09 -9.384576e-08 -1 1.045955e-09 -9.384576e-08 -1 1.045955e-09 -9.384576e-08 0 0 0 -7.105884e-08 3.716248e-17 1 -7.105884e-08 3.716248e-17 1 -7.105884e-08 3.716248e-17 1 -7.105884e-08 3.716248e-17 1 7.105884e-08 -3.716248e-17 -1 7.105884e-08 -3.716248e-17 -1 7.105884e-08 -3.716248e-17 -1 7.105884e-08 -3.716248e-17 -1 0 0 0 1.045954e-09 1 9.675267e-17 1.045954e-09 1 9.675267e-17 1.045954e-09 1 9.675267e-17 1.045954e-09 1 9.675267e-17 1.045954e-09 1 9.675267e-17 1.045954e-09 1 9.675267e-17 1.045954e-09 1 9.675267e-17 1.045954e-09 1 9.675267e-17 -1.045954e-09 -1 -9.675267e-17 -1.045954e-09 -1 -9.675267e-17 -1.045954e-09 -1 -9.675267e-17 -1.045954e-09 -1 -9.675267e-17 -1.045954e-09 -1 -9.675267e-17 -1.045954e-09 -1 -9.675267e-17 -1.045954e-09 -1 -9.675267e-17 -1.045954e-09 -1 -9.675267e-17 0 0 0 0 0 0 0 0 0 0 0 0</float_array>
                    <technique_common>
                        <accessor count="72" source="#ID113" stride="3">
                            <param name="X" type="float" />
                            <param name="Y" type="float" />
                            <param name="Z" type="float" />
                        </accessor>
                    </technique_common>
                </source>
                <source id="ID107">
                    <Name_array id="ID115" count="0" />
                    <technique_common>
                        <accessor count="0" source="#ID115" stride="1">
                            <param name="skp_material" type="Name" />
                        </accessor>
                    </technique_common>
                </source>
                <source id="ID109">
                    <float_array id="ID114" count="56">0.9153543 0.6725722 0.8497375 0.7053806 0.8497375 0.6725722 0.8825459 0.7053806 0.9153543 1.070046 0.8825459 1.037238 0.8497375 1.070046 0.8497375 1.037238 -0.8497376 1.471457 -0.9153544 1.438648 -0.8497376 1.438648 -0.9153544 1.471457 1.471457 0.6725721 1.438648 1.070046 1.438648 0.6725721 1.471457 1.070046 0.9153544 1.438648 0.8497376 1.471457 0.8497376 1.438648 0.9153544 1.471457 -0.8497375 1.070046 -0.8825459 1.037238 -0.8497375 1.037238 -0.8497375 0.7053806 -0.9153543 0.6725722 -0.8497375 0.6725722 -0.8825459 0.7053806 -0.9153543 1.070046</float_array>
                    <technique_common>
                        <accessor count="28" source="#ID114" stride="2">
                            <param name="S" type="float" />
                            <param name="T" type="float" />
                        </accessor>
                    </technique_common>
                </source>
                <vertices id="ID108">
                    <input semantic="POSITION" source="#ID105" />
                    <input semantic="NORMAL" source="#ID106" />
                </vertices>
                <triangles count="18" material="Material3">
                    <input offset="0" semantic="VERTEX" source="#ID108" />
                    <input offset="1" semantic="TEXCOORD" source="#ID109" />
                    <p>0 0 1 1 2 2 1 1 0 0 3 3 3 3 0 0 4 4 3 3 4 4 5 5 5 5 4 4 6 6 6 6 7 7 5 5 24 8 25 9 26 10 25 9 24 8 27 11 34 12 35 13 36 14 35 13 34 12 37 15 43 16 44 17 45 18 44 17 43 16 46 19 52 20 53 21 54 22 55 23 56 24 57 25 56 24 55 23 58 26 56 24 58 26 59 27 59 27 58 26 53 21 59 27 53 21 52 20</p>
                </triangles>
                <triangles count="18" material="Material2">
                    <input offset="0" semantic="VERTEX" source="#ID108" />
                    <p>8 9 10 10 11 8 8 11 12 11 13 12 12 13 14 15 14 13 28 29 30 31 30 29 38 39 40 41 40 39 47 48 49 50 49 48 60 61 62 61 63 62 62 63 64 63 65 64 66 64 65 67 61 60</p>
                </triangles>
                <lines count="18" material="Material4">
                    <input offset="0" semantic="VERTEX" source="#ID108" />
                    <p>16 17 17 18 20 19 21 20 22 21 16 23 32 22 33 21 32 33 42 23 42 32 51 16 51 42 68 69 70 68 71 70 71 51 69 33</p>
                </lines>
                <lines count="1" material="Material5">
                    <input offset="0" semantic="VERTEX" source="#ID108" />
                    <p>19 18</p>
                </lines>
                <lines count="1" material="Material6">
                    <input offset="0" semantic="VERTEX" source="#ID108" />
                    <p>23 22</p>
                </lines>
            </mesh>
        </geometry>
        <geometry id="ID116">
            <mesh>
                <source id="ID117">
                    <float_array id="ID121" count="36">5.595185e-08 0.7874016 8.751969 0.7874016 8.23583e-10 8.751969 5.595185e-08 1.647173e-09 8.751969 0.7874016 0.7874016 8.751969 0.7874016 0.7874016 8.751969 5.595185e-08 0.7874016 8.751969 0.7874016 8.23583e-10 8.751969 5.595185e-08 1.647173e-09 8.751969 5.595185e-08 1.647173e-09 8.751969 5.595185e-08 0.7874016 8.751969 0.7874016 0.7874016 8.751969 0.7874016 8.23583e-10 8.751969</float_array>
                    <technique_common>
                        <accessor count="12" source="#ID121" stride="3">
                            <param name="X" type="float" />
                            <param name="Y" type="float" />
                            <param name="Z" type="float" />
                        </accessor>
                    </technique_common>
                </source>
                <source id="ID118">
                    <float_array id="ID122" count="36">7.105885e-08 -3.716249e-17 -1 7.105885e-08 -3.716249e-17 -1 7.105885e-08 -3.716249e-17 -1 7.105885e-08 -3.716249e-17 -1 -7.105885e-08 3.716249e-17 1 -7.105885e-08 3.716249e-17 1 -7.105885e-08 3.716249e-17 1 -7.105885e-08 3.716249e-17 1 0 0 0 0 0 0 0 0 0 0 0 0</float_array>
                    <technique_common>
                        <accessor count="12" source="#ID122" stride="3">
                            <param name="X" type="float" />
                            <param name="Y" type="float" />
                            <param name="Z" type="float" />
                        </accessor>
                    </technique_common>
                </source>
                <source id="ID119">
                    <Name_array id="ID123" count="0" />
                    <technique_common>
                        <accessor count="0" source="#ID123" stride="1">
                            <param name="skp_material" type="Name" />
                        </accessor>
                    </technique_common>
                </source>
                <vertices id="ID120">
                    <input semantic="POSITION" source="#ID117" />
                    <input semantic="NORMAL" source="#ID118" />
                </vertices>
                <triangles count="4" material="Material2">
                    <input offset="0" semantic="VERTEX" source="#ID120" />
                    <p>0 1 2 1 0 3 4 5 6 7 6 5</p>
                </triangles>
                <lines count="4" material="Material3">
                    <input offset="0" semantic="VERTEX" source="#ID120" />
                    <p>8 9 9 10 11 10 8 11</p>
                </lines>
            </mesh>
        </geometry>
        <geometry id="ID124">
            <mesh>
                <source id="ID125">
                    <float_array id="ID129" count="36">7.837286e-07 1.647173e-09 0.7874016 0.7874024 0.7874016 0.7874016 7.829061e-07 0.7874016 0.7874016 0.7874024 8.23583e-10 0.7874016 0.7874024 8.23583e-10 0.7874016 7.837286e-07 1.647173e-09 0.7874016 0.7874024 0.7874016 0.7874016 7.829061e-07 0.7874016 0.7874016 0.7874024 8.23583e-10 0.7874016 0.7874024 0.7874016 0.7874016 7.829061e-07 0.7874016 0.7874016 7.837286e-07 1.647173e-09 0.7874016</float_array>
                    <technique_common>
                        <accessor count="12" source="#ID129" stride="3">
                            <param name="X" type="float" />
                            <param name="Y" type="float" />
                            <param name="Z" type="float" />
                        </accessor>
                    </technique_common>
                </source>
                <source id="ID126">
                    <float_array id="ID130" count="36">-7.105884e-08 8.19881e-18 1 -7.105884e-08 8.19881e-18 1 -7.105884e-08 8.19881e-18 1 -7.105884e-08 8.19881e-18 1 7.105884e-08 -8.19881e-18 -1 7.105884e-08 -8.19881e-18 -1 7.105884e-08 -8.19881e-18 -1 7.105884e-08 -8.19881e-18 -1 0 0 0 0 0 0 0 0 0 0 0 0</float_array>
                    <technique_common>
                        <accessor count="12" source="#ID130" stride="3">
                            <param name="X" type="float" />
                            <param name="Y" type="float" />
                            <param name="Z" type="float" />
                        </accessor>
                    </technique_common>
                </source>
                <source id="ID127">
                    <Name_array id="ID131" count="0" />
                    <technique_common>
                        <accessor count="0" source="#ID131" stride="1">
                            <param name="skp_material" type="Name" />
                        </accessor>
                    </technique_common>
                </source>
                <vertices id="ID128">
                    <input semantic="POSITION" source="#ID125" />
                    <input semantic="NORMAL" source="#ID126" />
                </vertices>
                <triangles count="4" material="Material2">
                    <input offset="0" semantic="VERTEX" source="#ID128" />
                    <p>0 1 2 1 0 3 4 5 6 7 6 5</p>
                </triangles>
                <lines count="4" material="Material3">
                    <input offset="0" semantic="VERTEX" source="#ID128" />
                    <p>8 9 9 10 11 10 11 8</p>
                </lines>
            </mesh>
        </geometry>
        <geometry id="ID134">
            <mesh>
                <source id="ID135">
                    <float_array id="ID139" count="168">0.7086614 0 32.28346 0 17.59843 32.28346 0 0 32.28346 0.7086614 17.59843 32.28346 0.7086614 17.59843 32.28346 0.7086614 0 32.28346 0 17.59843 32.28346 0 0 32.28346 0 17.59843 32.28346 0 0 32.28346 0.7086614 0 32.28346 0.7086614 17.59843 32.28346 0 17.59843 32.28346 0 0 0 0 0 32.28346 0 17.59843 0 0 17.59843 0 0 17.59843 32.28346 0 0 0 0 0 32.28346 0 17.59843 0 0 0 0 0.7086614 0 32.28346 0 0 0 0.7086614 0 0 0 0 32.28346 0 0 32.28346 0.7086614 0 32.28346 0 0 0 0.7086614 0 0 0.7086614 0 0 0.7086614 17.59843 0 0.7086614 0 32.28346 0.7086614 0 0 0.7086614 17.59843 32.28346 0.7086614 17.59843 32.28346 0.7086614 17.59843 0 0.7086614 0 32.28346 0.7086614 0 0 0.7086614 17.59843 0 0 17.59843 32.28346 0.7086614 17.59843 0 0 17.59843 0 0.7086614 17.59843 32.28346 0.7086614 17.59843 32.28346 0 17.59843 32.28346 0.7086614 17.59843 0 0 17.59843 0 0.7086614 17.59843 0 0 0 0 0 17.59843 0 0.7086614 0 0 0.7086614 0 0 0.7086614 17.59843 0 0 0 0 0 17.59843 0</float_array>
                    <technique_common>
                        <accessor count="56" source="#ID139" stride="3">
                            <param name="X" type="float" />
                            <param name="Y" type="float" />
                            <param name="Z" type="float" />
                        </accessor>
                    </technique_common>
                </source>
                <source id="ID136">
                    <float_array id="ID140" count="168">0 0 1 0 0 1 0 0 1 0 0 1 -0 -0 -1 -0 -0 -1 -0 -0 -1 -0 -0 -1 0 0 0 0 0 0 0 0 0 0 0 0 -1 0 0 -1 0 0 -1 0 0 -1 0 0 1 -0 -0 1 -0 -0 1 -0 -0 1 -0 -0 0 0 0 0 0 0 -0 -1 -0 -0 -1 -0 -0 -1 -0 -0 -1 -0 0 1 0 0 1 0 0 1 0 0 1 0 0 0 0 1 0 0 1 0 0 1 0 0 1 0 0 -1 -0 -0 -1 -0 -0 -1 -0 -0 -1 -0 -0 0 0 0 0 1 0 0 1 0 0 1 0 0 1 0 -0 -1 -0 -0 -1 -0 -0 -1 -0 -0 -1 -0 0 0 -1 0 0 -1 0 0 -1 0 0 -1 -0 -0 1 -0 -0 1 -0 -0 1 -0 -0 1</float_array>
                    <technique_common>
                        <accessor count="56" source="#ID140" stride="3">
                            <param name="X" type="float" />
                            <param name="Y" type="float" />
                            <param name="Z" type="float" />
                        </accessor>
                    </technique_common>
                </source>
                <source id="ID137">
                    <Name_array id="ID141" count="0" />
                    <technique_common>
                        <accessor count="0" source="#ID141" stride="1">
                            <param name="skp_material" type="Name" />
                        </accessor>
                    </technique_common>
                </source>
                <vertices id="ID138">
                    <input semantic="POSITION" source="#ID135" />
                    <input semantic="NORMAL" source="#ID136" />
                </vertices>
                <triangles count="24" material="Material2">
                    <input offset="0" semantic="VERTEX" source="#ID138" />
                    <p>0 1 2 1 0 3 4 5 6 7 6 5 12 13 14 13 12 15 16 17 18 19 18 17 22 23 24 23 22 25 26 27 28 29 28 27 31 32 33 32 31 34 35 36 37 38 37 36 40 41 42 41 40 43 44 45 46 47 46 45 48 49 50 49 48 51 52 53 54 55 54 53</p>
                </triangles>
                <lines count="12" material="Material3">
                    <input offset="0" semantic="VERTEX" source="#ID138" />
                    <p>8 9 9 10 11 10 8 11 20 8 21 20 9 21 21 30 10 30 30 39 39 11 20 39</p>
                </lines>
            </mesh>
        </geometry>
        <geometry id="ID148">
            <mesh>
                <source id="ID151">
                    <float_array id="ID159" count="792">0.928677 2.048145 3.937008 0.932515 2.080131 3.937008 0.9284905 2.049561 3.937008 0.932515 2.018992 3.937008 0.9330618 2.017672 3.937008 0.9443143 2.108616 3.937008 0.9443143 1.990506 3.937008 0.9630842 1.966045 3.937008 0.9630842 2.133078 3.937008 0.9875457 1.947275 3.937008 0.9875457 2.151848 3.937008 1.016032 1.935476 3.937008 1.016032 2.163647 3.937008 1.046601 1.931451 3.937008 1.045184 2.167485 3.937008 1.046601 2.167672 3.937008 1.07717 1.935476 3.937008 1.07717 2.163647 3.937008 1.07849 1.936022 3.937008 1.105656 2.151848 3.937008 1.105656 1.947275 3.937008 1.130117 1.966045 3.937008 1.130117 2.133078 3.937008 1.148887 1.990506 3.937008 1.148887 2.108616 3.937008 1.160687 2.018992 3.937008 1.16014 2.081451 3.937008 1.160687 2.080131 3.937008 1.164711 2.049561 3.937008 1.164525 2.050978 3.937008 1.164525 2.050978 3.937008 1.164711 2.049561 3.937008 1.160687 2.080131 3.937008 1.160687 2.018992 3.937008 1.16014 2.081451 3.937008 1.148887 2.108616 3.937008 1.148887 1.990506 3.937008 1.130117 2.133078 3.937008 1.130117 1.966045 3.937008 1.105656 2.151848 3.937008 1.105656 1.947275 3.937008 1.07849 1.936022 3.937008 1.07717 2.163647 3.937008 1.07717 1.935476 3.937008 1.046601 2.167672 3.937008 1.046601 1.931451 3.937008 1.045184 2.167485 3.937008 1.016032 2.163647 3.937008 1.016032 1.935476 3.937008 0.9875457 2.151848 3.937008 0.9875457 1.947275 3.937008 0.9630842 2.133078 3.937008 0.9630842 1.966045 3.937008 0.9443143 2.108616 3.937008 0.9443143 1.990506 3.937008 0.9330618 2.017672 3.937008 0.932515 2.080131 3.937008 0.932515 2.018992 3.937008 0.928677 2.048145 3.937008 0.9284905 2.049561 3.937008 1.164525 2.050978 3.937008 1.164711 2.049561 3.937008 1.160687 2.080131 3.937008 1.16014 2.081451 3.937008 1.148887 2.108616 3.937008 1.130117 2.133078 3.937008 1.105656 2.151848 3.937008 1.07717 2.163647 3.937008 1.046601 2.167672 3.937008 1.045184 2.167485 3.937008 1.016032 2.163647 3.937008 0.9875457 2.151848 3.937008 0.9630842 2.133078 3.937008 0.9443143 2.108616 3.937008 0.932515 2.080131 3.937008 0.9284905 2.049561 3.937008 0.928677 2.048145 3.937008 0.932515 2.018992 3.937008 0.9330618 2.017672 3.937008 0.9443143 1.990506 3.937008 0.9630842 1.966045 3.937008 0.9875457 1.947275 3.937008 1.016032 1.935476 3.937008 1.046601 1.931451 3.937008 1.07717 1.935476 3.937008 1.07849 1.936022 3.937008 1.105656 1.947275 3.937008 1.130117 1.966045 3.937008 1.148887 1.990506 3.937008 1.160687 2.018992 3.937008 1.164525 2.050978 3.937008 1.164711 2.049561 3.543307 1.164711 2.049561 3.937008 1.164525 2.050978 3.543307 1.164525 2.050978 3.543307 1.164525 2.050978 3.937008 1.164711 2.049561 3.543307 1.164711 2.049561 3.937008 1.164525 2.050978 3.543307 1.164711 2.049561 3.543307 1.160687 2.080131 3.937008 1.164525 2.050978 3.543307 1.164525 2.050978 3.937008 1.160687 2.080131 3.543307 1.160687 2.080131 3.543307 1.160687 2.080131 3.937008 1.164525 2.050978 3.543307 1.164525 2.050978 3.937008 1.160687 2.080131 3.543307 1.16014 2.081451 3.937008 1.16014 2.081451 3.543307 1.16014 2.081451 3.543307 1.16014 2.081451 3.937008 1.16014 2.081451 3.543307 1.148887 2.108616 3.937008 1.16014 2.081451 3.543307 1.16014 2.081451 3.937008 1.148887 2.108616 3.543307 1.148887 2.108616 3.543307 1.148887 2.108616 3.937008 1.16014 2.081451 3.543307 1.16014 2.081451 3.937008 1.148887 2.108616 3.543307 1.130117 2.133078 3.937008 1.130117 2.133078 3.543307 1.130117 2.133078 3.543307 1.130117 2.133078 3.937008 1.130117 2.133078 3.543307 1.105656 2.151848 3.543307 1.105656 2.151848 3.937008 1.105656 2.151848 3.937008 1.105656 2.151848 3.543307 1.105656 2.151848 3.543307 1.07717 2.163647 3.543307 1.07717 2.163647 3.937008 1.07717 2.163647 3.937008 1.07717 2.163647 3.543307 1.07717 2.163647 3.543307 1.046601 2.167672 3.543307 1.046601 2.167672 3.937008 1.046601 2.167672 3.937008 1.046601 2.167672 3.543307 1.046601 2.167672 3.543307 1.045184 2.167485 3.543307 1.045184 2.167485 3.937008 1.045184 2.167485 3.937008 1.045184 2.167485 3.543307 1.045184 2.167485 3.543307 1.045184 2.167485 3.937008 1.016032 2.163647 3.543307 1.045184 2.167485 3.543307 1.016032 2.163647 3.937008 1.016032 2.163647 3.937008 1.045184 2.167485 3.937008 1.016032 2.163647 3.543307 1.045184 2.167485 3.543307 1.016032 2.163647 3.543307 0.9875457 2.151848 3.543307 0.9875457 2.151848 3.937008 0.9875457 2.151848 3.937008 0.9875457 2.151848 3.543307 0.9875457 2.151848 3.543307 0.9630842 2.133078 3.543307 0.9630842 2.133078 3.937008 0.9630842 2.133078 3.937008 0.9630842 2.133078 3.543307 0.9630842 2.133078 3.543307 0.9443143 2.108616 3.937008 0.9443143 2.108616 3.543307 0.9443143 2.108616 3.937008 0.9443143 2.108616 3.543307 0.9443143 2.108616 3.543307 0.932515 2.080131 3.937008 0.932515 2.080131 3.543307 0.932515 2.080131 3.937008 0.932515 2.080131 3.543307 0.932515 2.080131 3.543307 0.9284905 2.049561 3.937008 0.9284905 2.049561 3.543307 0.9284905 2.049561 3.937008 0.9284905 2.049561 3.543307 0.9284905 2.049561 3.543307 0.928677 2.048145 3.937008 0.928677 2.048145 3.543307 0.928677 2.048145 3.937008 0.928677 2.048145 3.543307 0.928677 2.048145 3.543307 0.928677 2.048145 3.543307 0.932515 2.018992 3.937008 0.932515 2.018992 3.543307 0.928677 2.048145 3.937008 0.928677 2.048145 3.937008 0.928677 2.048145 3.543307 0.932515 2.018992 3.937008 0.932515 2.018992 3.543307 0.932515 2.018992 3.543307 0.9330618 2.017672 3.937008 0.9330618 2.017672 3.543307 0.9330618 2.017672 3.937008 0.9330618 2.017672 3.543307 0.9330618 2.017672 3.543307 0.9330618 2.017672 3.543307 0.9443143 1.990506 3.937008 0.9443143 1.990506 3.543307 0.9330618 2.017672 3.937008 0.9330618 2.017672 3.937008 0.9330618 2.017672 3.543307 0.9443143 1.990506 3.937008 0.9443143 1.990506 3.543307 0.9443143 1.990506 3.543307 0.9630842 1.966045 3.937008 0.9630842 1.966045 3.543307 0.9630842 1.966045 3.937008 0.9630842 1.966045 3.543307 0.9630842 1.966045 3.543307 0.9875457 1.947275 3.543307 0.9875457 1.947275 3.937008 0.9875457 1.947275 3.937008 0.9875457 1.947275 3.543307 0.9875457 1.947275 3.543307 1.016032 1.935476 3.543307 1.016032 1.935476 3.937008 1.016032 1.935476 3.937008 1.016032 1.935476 3.543307 1.016032 1.935476 3.543307 1.046601 1.931451 3.543307 1.046601 1.931451 3.937008 1.046601 1.931451 3.937008 1.046601 1.931451 3.543307 1.046601 1.931451 3.543307 1.07717 1.935476 3.543307 1.07717 1.935476 3.937008 1.07717 1.935476 3.937008 1.07717 1.935476 3.543307 1.07717 1.935476 3.543307 1.07849 1.936022 3.543307 1.07849 1.936022 3.937008 1.07849 1.936022 3.937008 1.07849 1.936022 3.543307 1.07849 1.936022 3.543307 1.07849 1.936022 3.937008 1.105656 1.947275 3.543307 1.07849 1.936022 3.543307 1.105656 1.947275 3.937008 1.105656 1.947275 3.937008 1.07849 1.936022 3.937008 1.105656 1.947275 3.543307 1.07849 1.936022 3.543307 1.105656 1.947275 3.543307 1.130117 1.966045 3.543307 1.130117 1.966045 3.937008 1.130117 1.966045 3.937008 1.130117 1.966045 3.543307 1.130117 1.966045 3.543307 1.148887 1.990506 3.937008 1.148887 1.990506 3.543307 1.148887 1.990506 3.543307 1.148887 1.990506 3.937008 1.148887 1.990506 3.543307 1.160687 2.018992 3.937008 1.160687 2.018992 3.543307 1.160687 2.018992 3.543307 1.160687 2.018992 3.937008 1.160687 2.018992 3.543307</float_array>
                    <technique_common>
                        <accessor count="264" source="#ID159" stride="3">
                            <param name="X" type="float" />
                            <param name="Y" type="float" />
                            <param name="Z" type="float" />
                        </accessor>
                    </technique_common>
                </source>
                <source id="ID152">
                    <float_array id="ID160" count="792">0 0 1 0 0 1 0 0 1 0 0 1 0 0 1 0 0 1 0 0 1 0 0 1 0 0 1 0 0 1 0 0 1 0 0 1 0 0 1 0 0 1 0 0 1 0 0 1 0 0 1 0 0 1 0 0 1 0 0 1 0 0 1 0 0 1 0 0 1 0 0 1 0 0 1 0 0 1 0 0 1 0 0 1 0 0 1 0 0 1 -0 -0 -1 -0 -0 -1 -0 -0 -1 -0 -0 -1 -0 -0 -1 -0 -0 -1 -0 -0 -1 -0 -0 -1 -0 -0 -1 -0 -0 -1 -0 -0 -1 -0 -0 -1 -0 -0 -1 -0 -0 -1 -0 -0 -1 -0 -0 -1 -0 -0 -1 -0 -0 -1 -0 -0 -1 -0 -0 -1 -0 -0 -1 -0 -0 -1 -0 -0 -1 -0 -0 -1 -0 -0 -1 -0 -0 -1 -0 -0 -1 -0 -0 -1 -0 -0 -1 -0 -0 -1 0 0 0 0 0 0 0 0 0 0 0 0 0 0 0 0 0 0 0 0 0 0 0 0 0 0 0 0 0 0 0 0 0 0 0 0 0 0 0 0 0 0 0 0 0 0 0 0 0 0 0 0 0 0 0 0 0 0 0 0 0 0 0 0 0 0 0 0 0 0 0 0 0 0 0 0 0 0 0 0 0 0 0 0 0 0 0 0 0 0 -0.9914449 -0.1305262 0 -1 3.844431e-13 0 -1 3.844431e-13 0 -0.9914449 -0.1305262 0 0.9914449 0.1305262 -0 0.9914449 0.1305262 -0 1 -3.844431e-13 -0 1 -3.844431e-13 -0 0 0 0 0 0 0 -0.9659258 -0.258819 0 -0.9914449 -0.1305262 0 -0.9914449 -0.1305262 0 -0.9659258 -0.258819 0 0.9659258 0.258819 -0 0.9659258 0.258819 -0 0.9914449 0.1305262 -0 0.9914449 0.1305262 -0 0 0 0 -0.9238795 -0.3826834 0 -0.9238795 -0.3826834 0 0.9238795 0.3826834 -0 0.9238795 0.3826834 -0 0 0 0 -0.8660254 -0.5 0 -0.9238795 -0.3826834 0 -0.9238795 -0.3826834 0 -0.8660254 -0.5 0 0.8660254 0.5 -0 0.8660254 0.5 -0 0.9238795 0.3826834 -0 0.9238795 0.3826834 -0 0 0 0 -0.7071068 -0.7071068 0 -0.7071068 -0.7071068 0 0.7071068 0.7071068 -0 0.7071068 0.7071068 -0 0 0 0 -0.5 -0.8660254 0 -0.5 -0.8660254 0 0.5 0.8660254 -0 0.5 0.8660254 -0 0 0 0 -0.258819 -0.9659258 0 -0.258819 -0.9659258 0 0.258819 0.9659258 -0 0.258819 0.9659258 -0 0 0 0 -3.84452e-13 -1 0 -3.84452e-13 -1 0 3.84452e-13 1 -0 3.84452e-13 1 -0 0 0 0 0.1305262 -0.9914449 0 0.1305262 -0.9914449 0 -0.1305262 0.9914449 -0 -0.1305262 0.9914449 -0 0 0 0 0.1305262 -0.9914449 0 0.258819 -0.9659258 0 0.1305262 -0.9914449 0 0.258819 -0.9659258 0 -0.258819 0.9659258 -0 -0.1305262 0.9914449 -0 -0.258819 0.9659258 -0 -0.1305262 0.9914449 -0 0 0 0 0.5 -0.8660254 0 0.5 -0.8660254 0 -0.5 0.8660254 -0 -0.5 0.8660254 -0 0 0 0 0.7071068 -0.7071068 0 0.7071068 -0.7071068 0 -0.7071068 0.7071068 -0 -0.7071068 0.7071068 -0 0 0 0 0.8660254 -0.5 0 0.8660254 -0.5 0 -0.8660254 0.5 -0 -0.8660254 0.5 -0 0 0 0 0.9659258 -0.258819 0 0.9659258 -0.258819 0 -0.9659258 0.258819 -0 -0.9659258 0.258819 -0 0 0 0 1 -3.844431e-13 0 1 -3.844431e-13 0 -1 3.844431e-13 -0 -1 3.844431e-13 -0 0 0 0 0.9914449 0.1305262 0 0.9914449 0.1305262 0 -0.9914449 -0.1305262 -0 -0.9914449 -0.1305262 -0 0 0 0 0.9914449 0.1305262 0 0.9659258 0.258819 0 0.9659258 0.258819 0 0.9914449 0.1305262 0 -0.9914449 -0.1305262 -0 -0.9914449 -0.1305262 -0 -0.9659258 -0.258819 -0 -0.9659258 -0.258819 -0 0 0 0 0.9238795 0.3826834 0 0.9238795 0.3826834 0 -0.9238795 -0.3826834 -0 -0.9238795 -0.3826834 -0 0 0 0 0.9238795 0.3826834 0 0.8660254 0.5 0 0.8660254 0.5 0 0.9238795 0.3826834 0 -0.9238795 -0.3826834 -0 -0.9238795 -0.3826834 -0 -0.8660254 -0.5 -0 -0.8660254 -0.5 -0 0 0 0 0.7071068 0.7071068 0 0.7071068 0.7071068 0 -0.7071068 -0.7071068 -0 -0.7071068 -0.7071068 -0 0 0 0 0.5 0.8660254 0 0.5 0.8660254 0 -0.5 -0.8660254 -0 -0.5 -0.8660254 -0 0 0 0 0.258819 0.9659258 0 0.258819 0.9659258 0 -0.258819 -0.9659258 -0 -0.258819 -0.9659258 -0 0 0 0 0 1 0 0 1 0 -0 -1 -0 -0 -1 -0 0 0 0 -0.258819 0.9659258 0 -0.258819 0.9659258 0 0.258819 -0.9659258 -0 0.258819 -0.9659258 -0 0 0 0 -0.3826834 0.9238795 0 -0.3826834 0.9238795 0 0.3826834 -0.9238795 -0 0.3826834 -0.9238795 -0 0 0 0 -0.3826834 0.9238795 0 -0.5 0.8660254 0 -0.3826834 0.9238795 0 -0.5 0.8660254 0 0.5 -0.8660254 -0 0.3826834 -0.9238795 -0 0.5 -0.8660254 -0 0.3826834 -0.9238795 -0 0 0 0 -0.7071068 0.7071068 0 -0.7071068 0.7071068 0 0.7071068 -0.7071068 -0 0.7071068 -0.7071068 -0 0 0 0 -0.8660254 0.5 0 -0.8660254 0.5 0 0.8660254 -0.5 -0 0.8660254 -0.5 -0 0 0 0 -0.9659258 0.258819 0 -0.9659258 0.258819 0 0.9659258 -0.258819 -0 0.9659258 -0.258819 -0 0 0 0</float_array>
                    <technique_common>
                        <accessor count="264" source="#ID160" stride="3">
                            <param name="X" type="float" />
                            <param name="Y" type="float" />
                            <param name="Z" type="float" />
                        </accessor>
                    </technique_common>
                </source>
                <source id="ID153">
                    <Name_array id="ID161" count="0" />
                    <technique_common>
                        <accessor count="0" source="#ID161" stride="1">
                            <param name="skp_material" type="Name" />
                        </accessor>
                    </technique_common>
                </source>
                <vertices id="ID154">
                    <input semantic="POSITION" source="#ID151" />
                    <input semantic="NORMAL" source="#ID152" />
                </vertices>
                <triangles count="88" material="Material2">
                    <input offset="0" semantic="VERTEX" source="#ID154" />
                    <p>0 1 2 1 0 3 1 3 4 1 4 5 5 4 6 5 6 7 5 7 8 8 7 9 8 9 10 10 9 11 10 11 12 12 11 13 12 13 14 14 13 15 15 13 16 15 16 17 17 16 18 17 18 19 19 18 20 19 20 21 19 21 22 22 21 23 22 23 24 24 23 25 24 25 26 26 25 27 27 25 28 27 28 29 90 91 92 91 90 93 100 101 102 101 100 103 109 103 100 103 109 110 114 115 116 115 114 117 123 117 114 117 123 124 123 128 124 128 123 129 129 133 128 133 129 134 134 138 133 138 134 139 139 143 138 143 139 144 148 149 150 149 148 151 151 157 149 157 151 158 158 162 157 162 158 163 162 167 168 167 162 163 168 172 173 172 168 167 173 177 178 177 173 172 178 182 183 182 178 177 187 188 189 188 187 190 189 196 197 196 189 188 201 202 203 202 201 204 203 210 211 210 203 202 210 215 211 215 210 216 216 220 215 220 216 221 221 225 220 225 221 226 226 230 225 230 226 231 231 235 230 235 231 236 240 241 242 241 240 243 243 249 241 249 243 250 254 249 250 249 254 255 259 255 254 255 259 260 92 260 259 260 92 91</p>
                </triangles>
                <triangles count="88" material="Material3">
                    <input offset="0" semantic="VERTEX" source="#ID154" />
                    <p>30 31 32 31 33 32 32 33 34 34 33 35 33 36 35 35 36 37 36 38 37 37 38 39 38 40 39 40 41 39 39 41 42 41 43 42 42 43 44 43 45 44 44 45 46 46 45 47 45 48 47 47 48 49 48 50 49 49 50 51 50 52 51 51 52 53 52 54 53 54 55 53 53 55 56 55 57 56 57 58 56 59 56 58 94 95 96 97 96 95 104 105 106 107 106 105 111 112 104 105 104 112 118 119 120 121 120 119 125 126 118 119 118 126 130 126 131 125 131 126 135 130 136 131 136 130 140 135 141 136 141 135 145 140 146 141 146 140 152 153 154 155 154 153 159 152 160 154 160 152 164 159 165 160 165 159 164 165 169 170 169 165 169 170 174 175 174 170 174 175 179 180 179 175 179 180 184 185 184 180 191 192 193 194 193 192 193 194 198 199 198 194 205 206 207 208 207 206 207 208 212 213 212 208 217 212 218 213 218 212 222 217 223 218 223 217 227 222 228 223 228 222 232 227 233 228 233 227 237 232 238 233 238 232 244 245 246 247 246 245 251 244 252 246 252 244 256 257 252 251 252 257 261 262 256 257 256 262 96 97 261 262 261 97</p>
                </triangles>
                <lines count="90" material="Material4">
                    <input offset="0" semantic="VERTEX" source="#ID154" />
                    <p>60 61 62 60 63 62 64 63 65 64 66 65 67 66 68 67 69 68 70 69 71 70 72 71 73 72 74 73 75 74 76 75 77 76 78 77 79 78 80 79 81 80 82 81 83 82 84 83 85 84 86 85 87 86 88 87 89 88 61 89 98 99 99 61 98 60 108 98 108 62 113 108 113 63 122 113 122 64 127 122 127 65 132 127 132 66 137 132 137 67 142 137 142 68 147 142 147 69 156 147 156 70 161 156 161 71 166 161 166 72 171 166 171 73 176 171 176 74 181 176 181 75 186 181 186 76 195 186 195 77 200 195 200 78 209 200 209 79 214 209 214 80 219 214 219 81 224 219 224 82 229 224 229 83 234 229 234 84 239 234 239 85 248 239 248 86 253 248 253 87 258 253 258 88 263 258 263 89 99 263</p>
                </lines>
            </mesh>
        </geometry>
        <geometry id="ID162">
            <mesh>
                <source id="ID168">
                    <float_array id="ID175" count="1800">0.07621849 1.611614 3.543307 0.003703514 1.004546 3.543307 0 1.312853 3.543307 0.08707665 0.7077025 3.543307 0.2271648 1.880468 3.543307 0.1778587 1.046601 3.543307 0.1818832 1.07717 3.543307 0.1936825 1.105656 3.543307 0.2124524 1.130117 3.543307 0.2369138 1.148887 3.543307 0.4425523 2.101093 3.543307 0.2653997 1.160687 3.543307 0.2945524 1.164525 3.543307 0.2959689 1.164711 3.543307 0.3265381 1.160687 3.543307 0.355024 1.148887 3.543307 0.3794855 1.130117 3.543307 0.3982554 1.105656 3.543307 0.4095079 1.07849 3.543307 0.4100547 1.07717 3.543307 0.4140792 1.046601 3.543307 1.102721 0.5863826 3.543307 1.184844 0.3265381 3.543307 1.180819 0.2959689 3.543307 1.256875 0.5882343 3.543307 1.196643 0.355024 3.543307 1.215413 0.3794855 3.543307 1.239874 0.3982554 3.543307 1.26836 0.4100547 3.543307 1.405296 0.6299209 3.543307 1.29893 0.4140792 3.543307 1.329499 0.4100547 3.543307 1.357985 0.3982554 3.543307 1.382446 0.3794855 3.543307 1.401216 0.355024 3.543307 1.412468 0.3278581 3.543307 1.537872 0.7086014 3.543307 1.413015 0.3265381 3.543307 1.41704 0.2959689 3.543307 0.2444377 0.4425523 3.543307 0.1780452 1.045184 3.543307 0.1818832 1.016032 3.543307 0.1936825 0.9875457 3.543307 0.2124524 0.9630842 3.543307 0.2369138 0.9443143 3.543307 0.2653997 0.932515 3.543307 0.4650627 0.2271648 3.543307 0.2959689 0.9284905 3.543307 0.3265381 0.932515 3.543307 0.3278581 0.9330618 3.543307 0.355024 0.9443143 3.543307 0.3794855 0.9630842 3.543307 0.3982554 0.9875457 3.543307 0.4100547 1.016032 3.543307 0.7077025 2.258454 3.543307 0.5863826 1.242809 3.543307 0.6244918 1.39219 3.543307 0.699965 1.526616 3.543307 0.8076587 1.636929 3.543307 1.004546 2.341827 3.543307 0.932515 2.080131 3.543307 0.9284905 2.049561 3.543307 0.9443143 2.108616 3.543307 0.9630842 2.133078 3.543307 0.9875457 2.151848 3.543307 1.016032 2.163647 3.543307 1.312853 2.34553 3.543307 1.045184 2.167485 3.543307 1.046601 2.167672 3.543307 1.07717 2.163647 3.543307 1.105656 2.151848 3.543307 1.130117 2.133078 3.543307 1.148887 2.108616 3.543307 1.16014 2.081451 3.543307 1.160687 2.080131 3.543307 1.164525 2.050978 3.543307 1.164711 2.049561 3.543307 1.242809 1.759148 3.543307 1.39219 1.721038 3.543307 1.611614 2.269312 3.543307 1.526616 1.645565 3.543307 1.636929 1.537872 3.543307 1.880468 2.118365 3.543307 1.715609 1.405296 3.543307 1.757296 1.256875 3.543307 1.759148 1.102721 3.543307 0.9402338 1.715609 3.543307 0.928677 2.048145 3.543307 0.932515 2.018992 3.543307 0.9330618 2.017672 3.543307 0.9443143 1.990506 3.543307 1.088656 1.757296 3.543307 0.9630842 1.966045 3.543307 0.9875457 1.947275 3.543307 1.016032 1.935476 3.543307 1.046601 1.931451 3.543307 1.07717 1.935476 3.543307 1.07849 1.936022 3.543307 1.105656 1.947275 3.543307 1.130117 1.966045 3.543307 1.148887 1.990506 3.543307 1.160687 2.018992 3.543307 0.5882343 1.088656 3.543307 0.7339164 0.07621849 3.543307 0.6299209 0.9402338 3.543307 0.7086014 0.8076587 3.543307 0.8189139 0.699965 3.543307 1.032677 0 3.543307 0.9533408 0.6244918 3.543307 1.184844 0.2653997 3.543307 1.196643 0.2369138 3.543307 1.340984 0.003703514 3.543307 1.181006 0.2945524 3.543307 1.215413 0.2124524 3.543307 1.239874 0.1936825 3.543307 1.26836 0.1818832 3.543307 1.29893 0.1778587 3.543307 1.329499 0.1818832 3.543307 1.357985 0.1936825 3.543307 1.637828 0.08707665 3.543307 1.382446 0.2124524 3.543307 1.401216 0.2369138 3.543307 1.413015 0.2653997 3.543307 1.645565 0.8189139 3.543307 1.902978 0.2444377 3.543307 1.721038 0.9533408 3.543307 1.931451 1.29893 3.543307 1.935476 1.329499 3.543307 2.101093 1.902978 3.543307 1.947275 1.357985 3.543307 1.966045 1.382446 3.543307 1.990506 1.401216 3.543307 2.017672 1.412468 3.543307 2.018992 1.413015 3.543307 2.049561 1.41704 3.543307 2.080131 1.413015 3.543307 2.108616 1.401216 3.543307 2.258454 1.637828 3.543307 2.133078 1.382446 3.543307 2.151848 1.357985 3.543307 2.1631 1.330819 3.543307 2.163647 1.329499 3.543307 2.167672 1.29893 3.543307 1.935476 1.26836 3.543307 2.118365 0.4650627 3.543307 1.931638 1.297513 3.543307 1.947275 1.239874 3.543307 1.966045 1.215413 3.543307 1.990506 1.196643 3.543307 2.018992 1.184844 3.543307 2.049561 1.180819 3.543307 2.050978 1.181006 3.543307 2.080131 1.184844 3.543307 2.108616 1.196643 3.543307 2.133078 1.215413 3.543307 2.269312 0.7339164 3.543307 2.151848 1.239874 3.543307 2.163647 1.26836 3.543307 2.341827 1.340984 3.543307 2.34553 1.032677 3.543307 2.34553 1.032677 3.543307 2.341827 1.340984 3.543307 2.269312 0.7339164 3.543307 2.258454 1.637828 3.543307 2.167672 1.29893 3.543307 2.163647 1.26836 3.543307 2.151848 1.239874 3.543307 2.133078 1.215413 3.543307 2.118365 0.4650627 3.543307 2.108616 1.196643 3.543307 2.080131 1.184844 3.543307 2.050978 1.181006 3.543307 2.049561 1.180819 3.543307 2.018992 1.184844 3.543307 1.990506 1.196643 3.543307 1.966045 1.215413 3.543307 1.947275 1.239874 3.543307 1.935476 1.26836 3.543307 1.931451 1.29893 3.543307 1.902978 0.2444377 3.543307 1.931638 1.297513 3.543307 2.163647 1.329499 3.543307 2.1631 1.330819 3.543307 2.151848 1.357985 3.543307 2.133078 1.382446 3.543307 2.108616 1.401216 3.543307 2.101093 1.902978 3.543307 2.080131 1.413015 3.543307 2.049561 1.41704 3.543307 2.018992 1.413015 3.543307 2.017672 1.412468 3.543307 1.990506 1.401216 3.543307 1.966045 1.382446 3.543307 1.947275 1.357985 3.543307 1.935476 1.329499 3.543307 1.880468 2.118365 3.543307 1.759148 1.102721 3.543307 1.721038 0.9533408 3.543307 1.645565 0.8189139 3.543307 1.637828 0.08707665 3.543307 1.537872 0.7086014 3.543307 1.41704 0.2959689 3.543307 1.413015 0.2653997 3.543307 1.401216 0.2369138 3.543307 1.382446 0.2124524 3.543307 1.357985 0.1936825 3.543307 1.340984 0.003703514 3.543307 1.329499 0.1818832 3.543307 1.29893 0.1778587 3.543307 1.26836 0.1818832 3.543307 1.239874 0.1936825 3.543307 1.215413 0.2124524 3.543307 1.196643 0.2369138 3.543307 1.180819 0.2959689 3.543307 1.102721 0.5863826 3.543307 1.181006 0.2945524 3.543307 1.184844 0.2653997 3.543307 1.032677 0 3.543307 0.9533408 0.6244918 3.543307 0.8189139 0.699965 3.543307 0.7339164 0.07621849 3.543307 0.7086014 0.8076587 3.543307 0.6299209 0.9402338 3.543307 0.5882343 1.088656 3.543307 0.5863826 1.242809 3.543307 0.4650627 0.2271648 3.543307 1.164711 2.049561 3.543307 1.160687 2.018992 3.543307 1.242809 1.759148 3.543307 1.148887 1.990506 3.543307 1.130117 1.966045 3.543307 1.105656 1.947275 3.543307 1.088656 1.757296 3.543307 1.07849 1.936022 3.543307 1.07717 1.935476 3.543307 1.046601 1.931451 3.543307 1.016032 1.935476 3.543307 0.9875457 1.947275 3.543307 0.9630842 1.966045 3.543307 0.9443143 1.990506 3.543307 0.9402338 1.715609 3.543307 0.9330618 2.017672 3.543307 0.932515 2.018992 3.543307 0.928677 2.048145 3.543307 0.9284905 2.049561 3.543307 0.8076587 1.636929 3.543307 1.757296 1.256875 3.543307 1.715609 1.405296 3.543307 1.636929 1.537872 3.543307 1.611614 2.269312 3.543307 1.526616 1.645565 3.543307 1.39219 1.721038 3.543307 1.312853 2.34553 3.543307 1.164525 2.050978 3.543307 1.160687 2.080131 3.543307 1.16014 2.081451 3.543307 1.148887 2.108616 3.543307 1.130117 2.133078 3.543307 1.105656 2.151848 3.543307 1.07717 2.163647 3.543307 1.046601 2.167672 3.543307 1.045184 2.167485 3.543307 1.016032 2.163647 3.543307 1.004546 2.341827 3.543307 0.9875457 2.151848 3.543307 0.9630842 2.133078 3.543307 0.9443143 2.108616 3.543307 0.932515 2.080131 3.543307 0.7077025 2.258454 3.543307 0.699965 1.526616 3.543307 0.6244918 1.39219 3.543307 0.4425523 2.101093 3.543307 0.4140792 1.046601 3.543307 0.4100547 1.016032 3.543307 0.3982554 0.9875457 3.543307 0.3794855 0.9630842 3.543307 0.355024 0.9443143 3.543307 0.3278581 0.9330618 3.543307 0.3265381 0.932515 3.543307 0.2959689 0.9284905 3.543307 0.2653997 0.932515 3.543307 0.2444377 0.4425523 3.543307 0.2369138 0.9443143 3.543307 0.2124524 0.9630842 3.543307 0.1936825 0.9875457 3.543307 0.1818832 1.016032 3.543307 0.1780452 1.045184 3.543307 0.1778587 1.046601 3.543307 0.08707665 0.7077025 3.543307 1.413015 0.3265381 3.543307 1.412468 0.3278581 3.543307 1.405296 0.6299209 3.543307 1.401216 0.355024 3.543307 1.382446 0.3794855 3.543307 1.357985 0.3982554 3.543307 1.329499 0.4100547 3.543307 1.29893 0.4140792 3.543307 1.26836 0.4100547 3.543307 1.256875 0.5882343 3.543307 1.239874 0.3982554 3.543307 1.215413 0.3794855 3.543307 1.196643 0.355024 3.543307 1.184844 0.3265381 3.543307 0.4100547 1.07717 3.543307 0.4095079 1.07849 3.543307 0.3982554 1.105656 3.543307 0.3794855 1.130117 3.543307 0.355024 1.148887 3.543307 0.3265381 1.160687 3.543307 0.2959689 1.164711 3.543307 0.2945524 1.164525 3.543307 0.2653997 1.160687 3.543307 0.2369138 1.148887 3.543307 0.2271648 1.880468 3.543307 0.2124524 1.130117 3.543307 0.1936825 1.105656 3.543307 0.1818832 1.07717 3.543307 0.07621849 1.611614 3.543307 0.003703514 1.004546 3.543307 0 1.312853 3.543307 0.4425523 2.101093 3.543307 0.2271648 1.880468 3.543307 0.7077025 2.258454 3.543307 1.004546 2.341827 3.543307 1.312853 2.34553 3.543307 1.611614 2.269312 3.543307 1.880468 2.118365 3.543307 2.101093 1.902978 3.543307 2.258454 1.637828 3.543307 2.341827 1.340984 3.543307 2.34553 1.032677 3.543307 2.269312 0.7339164 3.543307 2.118365 0.4650627 3.543307 1.902978 0.2444377 3.543307 1.637828 0.08707665 3.543307 1.340984 0.003703514 3.543307 1.032677 0 3.543307 0.7339164 0.07621849 3.543307 0.4650627 0.2271648 3.543307 0.2444377 0.4425523 3.543307 0.08707665 0.7077025 3.543307 0.003703514 1.004546 3.543307 0 1.312853 3.543307 0.07621849 1.611614 3.543307 1.990506 1.401216 3.543307 2.017672 1.412468 3.543307 1.966045 1.382446 3.543307 1.947275 1.357985 3.543307 1.935476 1.329499 3.543307 1.931451 1.29893 3.543307 1.931638 1.297513 3.543307 1.935476 1.26836 3.543307 1.947275 1.239874 3.543307 1.966045 1.215413 3.543307 1.990506 1.196643 3.543307 2.018992 1.184844 3.543307 2.049561 1.180819 3.543307 2.050978 1.181006 3.543307 2.080131 1.184844 3.543307 2.108616 1.196643 3.543307 2.133078 1.215413 3.543307 2.151848 1.239874 3.543307 2.163647 1.26836 3.543307 2.167672 1.29893 3.543307 2.163647 1.329499 3.543307 2.1631 1.330819 3.543307 2.151848 1.357985 3.543307 2.133078 1.382446 3.543307 2.108616 1.401216 3.543307 2.080131 1.413015 3.543307 2.049561 1.41704 3.543307 2.018992 1.413015 3.543307 1.759148 1.102721 3.543307 1.721038 0.9533408 3.543307 1.757296 1.256875 3.543307 1.715609 1.405296 3.543307 1.636929 1.537872 3.543307 1.526616 1.645565 3.543307 1.39219 1.721038 3.543307 1.242809 1.759148 3.543307 1.088656 1.757296 3.543307 0.9402338 1.715609 3.543307 0.8076587 1.636929 3.543307 0.699965 1.526616 3.543307 0.6244918 1.39219 3.543307 0.5863826 1.242809 3.543307 0.5882343 1.088656 3.543307 0.6299209 0.9402338 3.543307 0.7086014 0.8076587 3.543307 0.8189139 0.699965 3.543307 0.9533408 0.6244918 3.543307 1.102721 0.5863826 3.543307 1.256875 0.5882343 3.543307 1.405296 0.6299209 3.543307 1.537872 0.7086014 3.543307 1.645565 0.8189139 3.543307 0.9443143 1.990506 3.543307 0.9330618 2.017672 3.543307 0.9630842 1.966045 3.543307 0.9875457 1.947275 3.543307 1.016032 1.935476 3.543307 1.046601 1.931451 3.543307 1.07717 1.935476 3.543307 1.07849 1.936022 3.543307 1.105656 1.947275 3.543307 1.130117 1.966045 3.543307 1.148887 1.990506 3.543307 1.160687 2.018992 3.543307 1.164711 2.049561 3.543307 1.164525 2.050978 3.543307 1.160687 2.080131 3.543307 1.16014 2.081451 3.543307 1.148887 2.108616 3.543307 1.130117 2.133078 3.543307 1.105656 2.151848 3.543307 1.07717 2.163647 3.543307 1.046601 2.167672 3.543307 1.045184 2.167485 3.543307 1.016032 2.163647 3.543307 0.9875457 2.151848 3.543307 0.9630842 2.133078 3.543307 0.9443143 2.108616 3.543307 0.932515 2.080131 3.543307 0.9284905 2.049561 3.543307 0.928677 2.048145 3.543307 0.932515 2.018992 3.543307 1.184844 0.2653997 3.543307 1.181006 0.2945524 3.543307 1.196643 0.2369138 3.543307 1.215413 0.2124524 3.543307 1.239874 0.1936825 3.543307 1.26836 0.1818832 3.543307 1.29893 0.1778587 3.543307 1.329499 0.1818832 3.543307 1.357985 0.1936825 3.543307 1.382446 0.2124524 3.543307 1.401216 0.2369138 3.543307 1.413015 0.2653997 3.543307 1.41704 0.2959689 3.543307 1.413015 0.3265381 3.543307 1.412468 0.3278581 3.543307 1.401216 0.355024 3.543307 1.382446 0.3794855 3.543307 1.357985 0.3982554 3.543307 1.329499 0.4100547 3.543307 1.29893 0.4140792 3.543307 1.26836 0.4100547 3.543307 1.239874 0.3982554 3.543307 1.215413 0.3794855 3.543307 1.196643 0.355024 3.543307 1.184844 0.3265381 3.543307 1.180819 0.2959689 3.543307 0.2653997 1.160687 3.543307 0.2945524 1.164525 3.543307 0.2369138 1.148887 3.543307 0.2124524 1.130117 3.543307 0.1936825 1.105656 3.543307 0.1818832 1.07717 3.543307 0.1778587 1.046601 3.543307 0.1780452 1.045184 3.543307 0.1818832 1.016032 3.543307 0.1936825 0.9875457 3.543307 0.2124524 0.9630842 3.543307 0.2369138 0.9443143 3.543307 0.2653997 0.932515 3.543307 0.2959689 0.9284905 3.543307 0.3265381 0.932515 3.543307 0.3278581 0.9330618 3.543307 0.355024 0.9443143 3.543307 0.3794855 0.9630842 3.543307 0.3982554 0.9875457 3.543307 0.4100547 1.016032 3.543307 0.4140792 1.046601 3.543307 0.4100547 1.07717 3.543307 0.4095079 1.07849 3.543307 0.3982554 1.105656 3.543307 0.3794855 1.130117 3.543307 0.355024 1.148887 3.543307 0.3265381 1.160687 3.543307 0.2959689 1.164711 3.543307 0.4425523 2.101093 3.937008 0.2271648 1.880468 3.543307 0.2271648 1.880468 3.937008 0.4425523 2.101093 3.543307 0.4425523 2.101093 3.543307 0.4425523 2.101093 3.937008 0.2271648 1.880468 3.543307 0.2271648 1.880468 3.937008 0.2271648 1.880468 3.937008 0.4425523 2.101093 3.937008 0.7077025 2.258454 3.543307 0.7077025 2.258454 3.937008 0.7077025 2.258454 3.937008 0.7077025 2.258454 3.543307 0.7077025 2.258454 3.937008 1.004546 2.341827 3.543307 1.004546 2.341827 3.937008 1.004546 2.341827 3.937008 1.004546 2.341827 3.543307 1.004546 2.341827 3.937008 1.312853 2.34553 3.543307 1.312853 2.34553 3.937008 1.312853 2.34553 3.937008 1.312853 2.34553 3.543307 1.312853 2.34553 3.937008 1.611614 2.269312 3.543307 1.611614 2.269312 3.937008 1.611614 2.269312 3.937008 1.611614 2.269312 3.543307 1.611614 2.269312 3.937008 1.880468 2.118365 3.543307 1.880468 2.118365 3.937008 1.880468 2.118365 3.937008 1.880468 2.118365 3.543307 1.880468 2.118365 3.937008 2.101093 1.902978 3.543307 2.101093 1.902978 3.937008 2.101093 1.902978 3.937008 2.101093 1.902978 3.543307 2.101093 1.902978 3.937008 2.258454 1.637828 3.937008 2.258454 1.637828 3.543307 2.258454 1.637828 3.937008 2.258454 1.637828 3.543307 2.258454 1.637828 3.937008 2.341827 1.340984 3.937008 2.341827 1.340984 3.543307 2.341827 1.340984 3.937008 2.341827 1.340984 3.543307 2.341827 1.340984 3.937008 2.34553 1.032677 3.937008 2.34553 1.032677 3.543307 2.34553 1.032677 3.937008 2.34553 1.032677 3.543307 2.34553 1.032677 3.937008 2.269312 0.7339164 3.937008 2.269312 0.7339164 3.543307 2.269312 0.7339164 3.937008 2.269312 0.7339164 3.543307 2.269312 0.7339164 3.937008 2.118365 0.4650627 3.937008 2.118365 0.4650627 3.543307 2.118365 0.4650627 3.937008 2.118365 0.4650627 3.543307 2.118365 0.4650627 3.937008 1.902978 0.2444377 3.937008 1.902978 0.2444377 3.543307 1.902978 0.2444377 3.937008 1.902978 0.2444377 3.543307 1.902978 0.2444377 3.937008 1.637828 0.08707665 3.543307 1.637828 0.08707665 3.937008 1.637828 0.08707665 3.937008 1.637828 0.08707665 3.543307 1.637828 0.08707665 3.937008 1.340984 0.003703514 3.543307 1.340984 0.003703514 3.937008 1.340984 0.003703514 3.937008 1.340984 0.003703514 3.543307 1.340984 0.003703514 3.937008 1.032677 0 3.543307 1.032677 0 3.937008 1.032677 0 3.937008 1.032677 0 3.543307 1.032677 0 3.937008 0.7339164 0.07621849 3.543307 0.7339164 0.07621849 3.937008 0.7339164 0.07621849 3.937008 0.7339164 0.07621849 3.543307 0.7339164 0.07621849 3.937008 0.4650627 0.2271648 3.543307 0.4650627 0.2271648 3.937008 0.4650627 0.2271648 3.937008 0.4650627 0.2271648 3.543307 0.4650627 0.2271648 3.937008 0.2444377 0.4425523 3.543307 0.2444377 0.4425523 3.937008 0.2444377 0.4425523 3.937008 0.2444377 0.4425523 3.543307 0.2444377 0.4425523 3.937008 0.08707665 0.7077025 3.937008 0.08707665 0.7077025 3.543307 0.08707665 0.7077025 3.543307 0.08707665 0.7077025 3.937008 0.08707665 0.7077025 3.937008 0.003703514 1.004546 3.937008 0.003703514 1.004546 3.543307 0.003703514 1.004546 3.543307 0.003703514 1.004546 3.937008 0.003703514 1.004546 3.937008 0 1.312853 3.937008 0 1.312853 3.543307 0 1.312853 3.543307 0 1.312853 3.937008 0 1.312853 3.937008 0.07621849 1.611614 3.937008 0.07621849 1.611614 3.543307 0.07621849 1.611614 3.543307 0.07621849 1.611614 3.937008 0.07621849 1.611614 3.937008</float_array>
                    <technique_common>
                        <accessor count="600" source="#ID175" stride="3">
                            <param name="X" type="float" />
                            <param name="Y" type="float" />
                            <param name="Z" type="float" />
                        </accessor>
                    </technique_common>
                </source>
                <source id="ID169">
                    <float_array id="ID176" count="1800">0 0 -1 0 0 -1 0 0 -1 0 0 -1 0 0 -1 0 0 -1 0 0 -1 0 0 -1 0 0 -1 0 0 -1 0 0 -1 0 0 -1 0 0 -1 0 0 -1 0 0 -1 0 0 -1 0 0 -1 0 0 -1 0 0 -1 0 0 -1 0 0 -1 0 0 -1 0 0 -1 0 0 -1 0 0 -1 0 0 -1 0 0 -1 0 0 -1 0 0 -1 0 0 -1 0 0 -1 0 0 -1 0 0 -1 0 0 -1 0 0 -1 0 0 -1 0 0 -1 0 0 -1 0 0 -1 0 0 -1 0 0 -1 0 0 -1 0 0 -1 0 0 -1 0 0 -1 0 0 -1 0 0 -1 0 0 -1 0 0 -1 0 0 -1 0 0 -1 0 0 -1 0 0 -1 0 0 -1 0 0 -1 0 0 -1 0 0 -1 0 0 -1 0 0 -1 0 0 -1 0 0 -1 0 0 -1 0 0 -1 0 0 -1 0 0 -1 0 0 -1 0 0 -1 0 0 -1 0 0 -1 0 0 -1 0 0 -1 0 0 -1 0 0 -1 0 0 -1 0 0 -1 0 0 -1 0 0 -1 0 0 -1 0 0 -1 0 0 -1 0 0 -1 0 0 -1 0 0 -1 0 0 -1 0 0 -1 0 0 -1 0 0 -1 0 0 -1 0 0 -1 0 0 -1 0 0 -1 0 0 -1 0 0 -1 0 0 -1 0 0 -1 0 0 -1 0 0 -1 0 0 -1 0 0 -1 0 0 -1 0 0 -1 0 0 -1 0 0 -1 0 0 -1 0 0 -1 0 0 -1 0 0 -1 0 0 -1 0 0 -1 0 0 -1 0 0 -1 0 0 -1 0 0 -1 0 0 -1 0 0 -1 0 0 -1 0 0 -1 0 0 -1 0 0 -1 0 0 -1 0 0 -1 0 0 -1 0 0 -1 0 0 -1 0 0 -1 0 0 -1 0 0 -1 0 0 -1 0 0 -1 0 0 -1 0 0 -1 0 0 -1 0 0 -1 0 0 -1 0 0 -1 0 0 -1 0 0 -1 0 0 -1 0 0 -1 0 0 -1 0 0 -1 0 0 -1 0 0 -1 0 0 -1 0 0 -1 0 0 -1 0 0 -1 0 0 -1 0 0 -1 0 0 -1 0 0 -1 0 0 -1 0 0 -1 0 0 -1 0 0 -1 0 0 -1 0 0 -1 0 0 -1 0 0 -1 0 0 -1 -0 -0 1 -0 -0 1 -0 -0 1 -0 -0 1 -0 -0 1 -0 -0 1 -0 -0 1 -0 -0 1 -0 -0 1 -0 -0 1 -0 -0 1 -0 -0 1 -0 -0 1 -0 -0 1 -0 -0 1 -0 -0 1 -0 -0 1 -0 -0 1 -0 -0 1 -0 -0 1 -0 -0 1 -0 -0 1 -0 -0 1 -0 -0 1 -0 -0 1 -0 -0 1 -0 -0 1 -0 -0 1 -0 -0 1 -0 -0 1 -0 -0 1 -0 -0 1 -0 -0 1 -0 -0 1 -0 -0 1 -0 -0 1 -0 -0 1 -0 -0 1 -0 -0 1 -0 -0 1 -0 -0 1 -0 -0 1 -0 -0 1 -0 -0 1 -0 -0 1 -0 -0 1 -0 -0 1 -0 -0 1 -0 -0 1 -0 -0 1 -0 -0 1 -0 -0 1 -0 -0 1 -0 -0 1 -0 -0 1 -0 -0 1 -0 -0 1 -0 -0 1 -0 -0 1 -0 -0 1 -0 -0 1 -0 -0 1 -0 -0 1 -0 -0 1 -0 -0 1 -0 -0 1 -0 -0 1 -0 -0 1 -0 -0 1 -0 -0 1 -0 -0 1 -0 -0 1 -0 -0 1 -0 -0 1 -0 -0 1 -0 -0 1 -0 -0 1 -0 -0 1 -0 -0 1 -0 -0 1 -0 -0 1 -0 -0 1 -0 -0 1 -0 -0 1 -0 -0 1 -0 -0 1 -0 -0 1 -0 -0 1 -0 -0 1 -0 -0 1 -0 -0 1 -0 -0 1 -0 -0 1 -0 -0 1 -0 -0 1 -0 -0 1 -0 -0 1 -0 -0 1 -0 -0 1 -0 -0 1 -0 -0 1 -0 -0 1 -0 -0 1 -0 -0 1 -0 -0 1 -0 -0 1 -0 -0 1 -0 -0 1 -0 -0 1 -0 -0 1 -0 -0 1 -0 -0 1 -0 -0 1 -0 -0 1 -0 -0 1 -0 -0 1 -0 -0 1 -0 -0 1 -0 -0 1 -0 -0 1 -0 -0 1 -0 -0 1 -0 -0 1 -0 -0 1 -0 -0 1 -0 -0 1 -0 -0 1 -0 -0 1 -0 -0 1 -0 -0 1 -0 -0 1 -0 -0 1 -0 -0 1 -0 -0 1 -0 -0 1 -0 -0 1 -0 -0 1 -0 -0 1 -0 -0 1 -0 -0 1 -0 -0 1 -0 -0 1 -0 -0 1 -0 -0 1 -0 -0 1 -0 -0 1 -0 -0 1 -0 -0 1 -0 -0 1 -0 -0 1 -0 -0 1 -0 -0 1 -0 -0 1 -0 -0 1 -0 -0 1 -0 -0 1 -0 -0 1 -0 -0 1 -0 -0 1 -0 -0 1 0 0 0 0 0 0 0 0 0 0 0 0 0 0 0 0 0 0 0 0 0 0 0 0 0 0 0 0 0 0 0 0 0 0 0 0 0 0 0 0 0 0 0 0 0 0 0 0 0 0 0 0 0 0 0 0 0 0 0 0 0 0 0 0 0 0 0 0 0 0 0 0 0 0 0 0 0 0 0 0 0 0 0 0 0 0 0 0 0 0 0 0 0 0 0 0 0 0 0 0 0 0 0 0 0 0 0 0 0 0 0 0 0 0 0 0 0 0 0 0 0 0 0 0 0 0 0 0 0 0 0 0 0 0 0 0 0 0 0 0 0 0 0 0 0 0 0 0 0 0 0 0 0 0 0 0 0 0 0 0 0 0 0 0 0 0 0 0 0 0 0 0 0 0 0 0 0 0 0 0 0 0 0 0 0 0 0 0 0 0 0 0 0 0 0 0 0 0 0 0 0 0 0 0 0 0 0 0 0 0 0 0 0 0 0 0 0 0 0 0 0 0 0 0 0 0 0 0 0 0 0 0 0 0 0 0 0 0 0 0 0 0 0 0 0 0 0 0 0 0 0 0 0 0 0 0 0 0 0 0 0 0 0 0 0 0 0 0 0 0 0 0 0 0 0 0 0 0 0 0 0 0 0 0 0 0 0 0 0 0 0 0 0 0 0 0 0 0 0 0 0 0 0 0 0 0 0 0 0 0 0 0 0 0 0 0 0 0 0 0 0 0 0 0 0 0 0 0 0 0 0 0 0 0 0 0 0 0 0 0 0 0 0 0 0 0 0 0 0 0 0 0 0 0 0 0 0 0 0 0 0 0 0 0 0 0 0 0 0 0 0 0 0 0 0 0 0 0 0 0 0 0 0 0 0 0 0 0 0 0 0 0 0 0 0 0 0 0 0 0 0 0 0 0 0 0 0 0 0 0 0 0 0 0 0 0 0 0 0 0 0 0 0 0 0 0 0 0 0 0 0 0 0 0 0 0 0 0 0 0 0 0 0 0 0 0 0 0 0 0 0 0 0 0 0 0 0 0 0 0 0 0 0 0 0 0 0 0 0 0 0 0 0 0 0 0 0 0 0 0 -0.6182469 0.7859839 0 -0.8006083 0.5991881 0 -0.8006083 0.5991881 0 -0.6182469 0.7859839 0 0.6182469 -0.7859839 -0 0.6182469 -0.7859839 -0 0.8006083 -0.5991881 -0 0.8006083 -0.5991881 -0 0 0 0 0 0 0 -0.393753 0.9192163 0 -0.393753 0.9192163 0 0.393753 -0.9192163 -0 0.393753 -0.9192163 -0 0 0 0 -0.1424256 0.9898055 0 -0.1424256 0.9898055 0 0.1424256 -0.9898055 -0 0.1424256 -0.9898055 -0 0 0 0 0.118608 0.9929412 0 0.118608 0.9929412 0 -0.118608 -0.9929412 -0 -0.118608 -0.9929412 -0 0 0 0 0.3715586 0.9284095 0 0.3715586 0.9284095 0 -0.3715586 -0.9284095 -0 -0.3715586 -0.9284095 -0 0 0 0 0.5991881 0.8006083 0 0.5991881 0.8006083 0 -0.5991881 -0.8006083 -0 -0.5991881 -0.8006083 -0 0 0 0 0.7859839 0.6182469 0 0.7859839 0.6182469 0 -0.7859839 -0.6182469 -0 -0.7859839 -0.6182469 -0 0 0 0 0.9192163 0.393753 0 0.9192163 0.393753 0 -0.9192163 -0.393753 -0 -0.9192163 -0.393753 -0 0 0 0 0.9898055 0.1424256 0 0.9898055 0.1424256 0 -0.9898055 -0.1424256 -0 -0.9898055 -0.1424256 -0 0 0 0 0.9929412 -0.118608 0 0.9929412 -0.118608 0 -0.9929412 0.118608 -0 -0.9929412 0.118608 -0 0 0 0 0.9284095 -0.3715586 0 0.9284095 -0.3715586 0 -0.9284095 0.3715586 -0 -0.9284095 0.3715586 -0 0 0 0 0.8006083 -0.5991881 0 0.8006083 -0.5991881 0 -0.8006083 0.5991881 -0 -0.8006083 0.5991881 -0 0 0 0 0.6182469 -0.7859839 0 0.6182469 -0.7859839 0 -0.6182469 0.7859839 -0 -0.6182469 0.7859839 -0 0 0 0 0.393753 -0.9192163 0 0.393753 -0.9192163 0 -0.393753 0.9192163 -0 -0.393753 0.9192163 -0 0 0 0 0.1424256 -0.9898055 0 0.1424256 -0.9898055 0 -0.1424256 0.9898055 -0 -0.1424256 0.9898055 -0 0 0 0 -0.118608 -0.9929412 0 -0.118608 -0.9929412 0 0.118608 0.9929412 -0 0.118608 0.9929412 -0 0 0 0 -0.3715586 -0.9284095 0 -0.3715586 -0.9284095 0 0.3715586 0.9284095 -0 0.3715586 0.9284095 -0 0 0 0 -0.5991881 -0.8006083 0 -0.5991881 -0.8006083 0 0.5991881 0.8006083 -0 0.5991881 0.8006083 -0 0 0 0 -0.7859839 -0.6182469 0 -0.7859839 -0.6182469 0 0.7859839 0.6182469 -0 0.7859839 0.6182469 -0 0 0 0 -0.9192163 -0.393753 0 -0.9192163 -0.393753 0 0.9192163 0.393753 -0 0.9192163 0.393753 -0 0 0 0 -0.9898055 -0.1424256 0 -0.9898055 -0.1424256 0 0.9898055 0.1424256 -0 0.9898055 0.1424256 -0 0 0 0 -0.9929412 0.118608 0 -0.9929412 0.118608 0 0.9929412 -0.118608 -0 0.9929412 -0.118608 -0 0 0 0 -0.9284095 0.3715586 0 -0.9284095 0.3715586 0 0.9284095 -0.3715586 -0 0.9284095 -0.3715586 -0 0 0 0</float_array>
                    <technique_common>
                        <accessor count="600" source="#ID176" stride="3">
                            <param name="X" type="float" />
                            <param name="Y" type="float" />
                            <param name="Z" type="float" />
                        </accessor>
                    </technique_common>
                </source>
                <source id="ID170">
                    <Name_array id="ID178" count="0" />
                    <technique_common>
                        <accessor count="0" source="#ID178" stride="1">
                            <param name="skp_material" type="Name" />
                        </accessor>
                    </technique_common>
                </source>
                <source id="ID172">
                    <float_array id="ID177" count="504">-0.001270308 0.02686023 -6.172524e-05 0.01674243 0 0.02188089 -0.001451277 0.01179504 -0.00378608 0.03134113 -0.002964311 0.01744335 -0.003031387 0.01795283 -0.003228041 0.0184276 -0.003540873 0.01883529 -0.003948563 0.01914812 -0.007375871 0.03501821 -0.004423329 0.01934478 -0.004909206 0.01940874 -0.004932815 0.01941185 -0.005442302 0.01934478 -0.005917067 0.01914812 -0.006324758 0.01883529 -0.00663759 0.0184276 -0.006825131 0.01797483 -0.006834244 0.01795283 -0.006901319 0.01744335 -0.01837868 0.009773043 -0.0197474 0.005442302 -0.01968032 0.004932815 -0.02094791 0.009803906 -0.01994405 0.005917067 -0.02025688 0.006324758 -0.02066457 0.00663759 -0.02113934 0.006834244 -0.02342161 0.01049868 -0.02164883 0.006901319 -0.02215831 0.006834244 -0.02263308 0.00663759 -0.02304077 0.006324758 -0.0233536 0.005917067 -0.02354114 0.005464302 -0.02563119 0.01181002 -0.02355025 0.005442302 -0.02361733 0.004932815 -0.004073961 0.007375871 -0.00296742 0.01741974 -0.003031387 0.01693386 -0.003228041 0.01645909 -0.003540873 0.0160514 -0.003948563 0.01573857 -0.004423329 0.01554192 -0.007751044 0.00378608 -0.004932815 0.01547484 -0.005442302 0.01554192 -0.005464302 0.01555103 -0.005917067 0.01573857 -0.006324758 0.0160514 -0.00663759 0.01645909 -0.006834244 0.01693386 -0.01179504 0.03764089 -0.009773043 0.02071349 -0.0104082 0.02320316 -0.01166608 0.02544361 -0.01346098 0.02728215 -0.01674243 0.03903045 -0.01554192 0.03466884 -0.01547484 0.03415936 -0.01573857 0.03514361 -0.0160514 0.0355513 -0.01645909 0.03586413 -0.01693386 0.03606079 -0.02188089 0.03909217 -0.01741974 0.03612475 -0.01744335 0.03612786 -0.01795283 0.03606079 -0.0184276 0.03586413 -0.01883529 0.0355513 -0.01914812 0.03514361 -0.01933566 0.03469084 -0.01934478 0.03466884 -0.01940874 0.03418297 -0.01941185 0.03415936 -0.02071349 0.02931913 -0.02320316 0.02868397 -0.02686023 0.03782186 -0.02544361 0.02742609 -0.02728215 0.02563119 -0.03134113 0.03530609 -0.02859349 0.02342161 -0.02928827 0.02094791 -0.02931913 0.01837868 -0.01567056 0.02859349 -0.01547795 0.03413575 -0.01554192 0.03364987 -0.01555103 0.03362787 -0.01573857 0.0331751 -0.01814426 0.02928827 -0.0160514 0.03276741 -0.01645909 0.03245458 -0.01693386 0.03225793 -0.01744335 0.03219085 -0.01795283 0.03225793 -0.01797483 0.03226704 -0.0184276 0.03245458 -0.01883529 0.03276741 -0.01914812 0.0331751 -0.01934478 0.03364987 -0.009803906 0.01814426 -0.01223194 0.001270308 -0.01049868 0.01567056 -0.01181002 0.01346098 -0.01364856 0.01166608 -0.01721128 0 -0.01588901 0.0104082 -0.0197474 0.004423329 -0.01994405 0.003948563 -0.02234974 6.172524e-05 -0.01968343 0.004909206 -0.02025688 0.003540873 -0.02066457 0.003228041 -0.02113934 0.003031387 -0.02164883 0.002964311 -0.02215831 0.003031387 -0.02263308 0.003228041 -0.02729713 0.001451277 -0.02304077 0.003540873 -0.0233536 0.003948563 -0.02355025 0.004423329 -0.02742609 0.01364856 -0.0317163 0.004073961 -0.02868397 0.01588901 -0.03219085 0.02164883 -0.03225793 0.02215831 -0.03501821 0.0317163 -0.03245458 0.02263308 -0.03276741 0.02304077 -0.0331751 0.0233536 -0.03362787 0.02354114 -0.03364987 0.02355025 -0.03415936 0.02361733 -0.03466884 0.02355025 -0.03514361 0.0233536 -0.03764089 0.02729713 -0.0355513 0.02304077 -0.03586413 0.02263308 -0.03605167 0.02218031 -0.03606079 0.02215831 -0.03612786 0.02164883 -0.03225793 0.02113934 -0.03530609 0.007751044 -0.03219396 0.02162522 -0.03245458 0.02066457 -0.03276741 0.02025688 -0.0331751 0.01994405 -0.03364987 0.0197474 -0.03415936 0.01968032 -0.03418297 0.01968343 -0.03466884 0.0197474 -0.03514361 0.01994405 -0.0355513 0.02025688 -0.03782186 0.01223194 -0.03586413 0.02066457 -0.03606079 0.02113934 -0.03903045 0.02234974 -0.03909217 0.01721128 -5.20417e-17 0.00656168 0.005153531 0 0.005153531 0.00656168 -5.20417e-17 0 0.1236848 0.00656168 0.1185312 0 0.1236848 0 0.1185312 0.00656168 0.1185312 0.00656168 0.1133777 0 0.1185312 0 0.1133777 0.00656168 0.1133777 0.00656168 0.1082242 0 0.1133777 0 0.1082242 0.00656168 0.1082242 0.00656168 0.1030706 0 0.1082242 0 0.1030706 0.00656168 0.1030706 0.00656168 0.09791709 -6.938894e-18 0.1030706 -6.938894e-18 0.09791709 0.00656168 0.09791709 0.00656168 0.09276356 0 0.09791709 0 0.09276356 0.00656168 0.09276356 0 0.08761003 0.00656168 0.08761003 0 0.09276356 0.00656168 0.08761003 -6.938894e-18 0.0824565 0.00656168 0.0824565 -6.938894e-18 0.08761003 0.00656168 0.0824565 0 0.07730297 0.00656168 0.07730297 0 0.0824565 0.00656168 0.07730297 0 0.07214944 0.00656168 0.07214944 0 0.07730297 0.00656168 0.07214944 0 0.06699591 0.00656168 0.06699591 0 0.07214944 0.00656168 0.06184238 0.00656168 0.06184238 -6.938894e-18 0.06699591 0.00656168 0.06184238 0.00656168 0.05668884 0 0.05668884 0.00656168 0.05668884 0.00656168 0.05153531 0 0.05668884 0 0.05153531 0.00656168 0.05153531 0.00656168 0.04638178 0 0.05153531 0 0.04638178 0.00656168 0.04638178 0.00656168 0.04122825 0 0.04638178 0 0.04122825 0.00656168 0.04122825 0.00656168 0.03607472 0 0.04122825 0 0.03607472 0.00656168 0.03607472 0.00656168 0.03092119 0 0.03607472 0 0.03092119 0.00656168 0.02576766 0.00656168 0.03092119 -6.938894e-18 0.03092119 0.00656168 0.02576766 -6.938894e-18 0.02061413 0.00656168 0.02576766 0 0.02576766 0.00656168 0.02061413 0 0.01546059 0.00656168 0.02061413 0 0.02061413 0.00656168 0.01546059 0 0.01030706 0.00656168 0.01030706 0 0.005153531 0.00656168 0.01030706 0 0.01030706 0.00656168 0.005153531 0</float_array>
                    <technique_common>
                        <accessor count="252" source="#ID177" stride="2">
                            <param name="S" type="float" />
                            <param name="T" type="float" />
                        </accessor>
                    </technique_common>
                </source>
                <vertices id="ID171">
                    <input semantic="POSITION" source="#ID168" />
                    <input semantic="NORMAL" source="#ID169" />
                </vertices>
                <triangles count="216" material="Material3">
                    <input offset="0" semantic="VERTEX" source="#ID171" />
                    <input offset="1" semantic="TEXCOORD" source="#ID172" />
                    <p>0 0 1 1 2 2 1 1 0 0 3 3 3 3 0 0 4 4 3 3 4 4 5 5 5 5 4 4 6 6 6 6 4 4 7 7 7 7 4 4 8 8 8 8 4 4 9 9 9 9 4 4 10 10 9 9 10 10 11 11 11 11 10 10 12 12 12 12 10 10 13 13 13 13 10 10 14 14 14 14 10 10 15 15 15 15 10 10 16 16 16 16 10 10 17 17 17 17 10 10 18 18 18 18 10 10 19 19 19 19 10 10 20 20 21 21 22 22 23 23 22 22 21 21 24 24 22 22 24 24 25 25 25 25 24 24 26 26 26 26 24 24 27 27 27 27 24 24 28 28 28 28 24 24 29 29 28 28 29 29 30 30 30 30 29 29 31 31 31 31 29 29 32 32 32 32 29 29 33 33 33 33 29 29 34 34 34 34 29 29 35 35 35 35 29 29 36 36 35 35 36 36 37 37 37 37 36 36 38 38 5 5 39 39 3 3 39 39 5 5 40 40 39 39 40 40 41 41 39 39 41 41 42 42 39 39 42 42 43 43 39 39 43 43 44 44 39 39 44 44 45 45 39 39 45 45 46 46 46 46 45 45 47 47 46 46 47 47 48 48 46 46 48 48 49 49 46 46 49 49 50 50 46 46 50 50 51 51 46 46 51 51 52 52 46 46 52 52 53 53 46 46 53 53 20 20 46 46 20 20 10 10 46 46 10 10 54 54 46 46 54 54 55 55 55 55 54 54 56 56 56 56 54 54 57 57 57 57 54 54 58 58 58 58 54 54 59 59 58 58 59 59 60 60 58 58 60 60 61 61 60 60 59 59 62 62 62 62 59 59 63 63 63 63 59 59 64 64 64 64 59 59 65 65 65 65 59 59 66 66 65 65 66 66 67 67 67 67 66 66 68 68 68 68 66 66 69 69 69 69 66 66 70 70 70 70 66 66 71 71 71 71 66 66 72 72 72 72 66 66 73 73 73 73 66 66 74 74 74 74 66 66 75 75 75 75 66 66 76 76 76 76 66 66 77 77 77 77 66 66 78 78 78 78 66 66 79 79 78 78 79 79 80 80 80 80 79 79 81 81 81 81 79 79 82 82 81 81 82 82 83 83 83 83 82 82 84 84 84 84 82 82 85 85 61 61 86 86 58 58 86 86 61 61 87 87 86 86 87 87 88 88 86 86 88 88 89 89 86 86 89 89 90 90 86 86 90 90 91 91 91 91 90 90 92 92 91 91 92 92 93 93 91 91 93 93 94 94 91 91 94 94 95 95 91 91 95 95 96 96 91 91 96 96 97 97 91 91 97 97 98 98 91 91 98 98 77 77 77 77 98 98 99 99 77 77 99 99 100 100 77 77 100 100 101 101 77 77 101 101 76 76 46 46 102 102 103 103 102 102 46 46 55 55 103 103 102 102 104 104 103 103 104 104 105 105 103 103 105 105 106 106 103 103 106 106 107 107 107 107 106 106 108 108 107 107 108 108 21 21 107 107 21 21 109 109 107 107 109 109 110 110 107 107 110 110 111 111 109 109 21 21 112 112 112 112 21 21 23 23 111 111 110 110 113 113 111 111 113 113 114 114 111 111 114 114 115 115 111 111 115 115 116 116 111 111 116 116 117 117 111 111 117 117 118 118 111 111 118 118 119 119 119 119 118 118 120 120 119 119 120 120 121 121 119 119 121 121 122 122 119 119 122 122 38 38 119 119 38 38 36 36 119 119 36 36 123 123 119 119 123 123 124 124 124 124 123 123 125 125 124 124 125 125 85 85 124 124 85 85 82 82 124 124 82 82 126 126 126 126 82 82 127 127 127 127 82 82 128 128 127 127 128 128 129 129 129 129 128 128 130 130 130 130 128 128 131 131 131 131 128 128 132 132 132 132 128 128 133 133 133 133 128 128 134 134 134 134 128 128 135 135 135 135 128 128 136 136 136 136 128 128 137 137 136 136 137 137 138 138 138 138 137 137 139 139 139 139 137 137 140 140 140 140 137 137 141 141 141 141 137 137 142 142 124 124 143 143 144 144 143 143 124 124 145 145 145 145 124 124 126 126 144 144 143 143 146 146 144 144 146 146 147 147 144 144 147 147 148 148 144 144 148 148 149 149 144 144 149 149 150 150 144 144 150 150 151 151 144 144 151 151 152 152 144 144 152 152 153 153 144 144 153 153 154 154 144 144 154 154 155 155 155 155 154 154 156 156 155 155 156 156 157 157 155 155 157 157 142 142 155 155 142 142 137 137 155 155 137 137 158 158 155 155 158 158 159 159 480 160 481 161 482 162 481 161 480 160 483 163 480 164 490 165 483 166 490 165 480 164 491 167 491 168 495 169 490 170 495 169 491 168 496 171 496 172 500 173 495 174 500 173 496 172 501 175 501 176 505 177 500 178 505 177 501 176 506 179 506 180 510 181 505 182 510 181 506 180 511 183 511 184 515 185 510 186 515 185 511 184 516 187 515 188 520 189 521 190 520 189 515 188 516 191 521 192 525 193 526 194 525 193 521 192 520 195 526 196 530 197 531 198 530 197 526 196 525 199 531 200 535 201 536 202 535 201 531 200 530 203 536 204 540 205 541 206 540 205 536 204 535 207 541 206 545 208 546 209 545 208 541 206 540 210 545 211 550 212 546 209 550 212 545 211 551 213 551 214 555 215 550 216 555 215 551 214 556 217 556 218 560 219 555 220 560 219 556 218 561 221 561 222 565 223 560 224 565 223 561 222 566 225 566 226 570 227 565 228 570 227 566 226 571 229 571 230 575 231 570 232 575 231 571 230 576 233 580 234 575 235 576 236 575 235 580 234 581 237 585 238 581 239 580 240 581 239 585 238 586 241 590 242 586 243 585 244 586 243 590 242 591 245 595 246 591 245 590 242 591 245 595 246 596 247 482 248 596 249 595 250 596 249 482 248 481 251</p>
                </triangles>
                <triangles count="216" material="Material2">
                    <input offset="0" semantic="VERTEX" source="#ID171" />
                    <p>160 161 162 161 163 162 163 164 162 164 165 162 165 166 162 166 167 162 162 167 168 167 169 168 169 170 168 170 171 168 171 172 168 172 173 168 173 174 168 174 175 168 175 176 168 176 177 168 178 179 180 180 179 177 168 177 179 164 163 181 181 163 182 182 163 183 183 163 184 184 163 185 163 186 185 185 186 187 187 186 188 188 186 189 189 186 190 190 186 191 191 186 192 192 186 193 193 186 194 186 195 194 194 195 178 178 195 179 195 196 179 196 197 179 197 198 179 179 198 199 198 200 199 200 201 199 201 202 199 202 203 199 203 204 199 204 205 199 199 205 206 205 207 206 207 208 206 208 209 206 209 210 206 210 211 206 211 212 206 213 214 215 215 214 216 206 212 217 212 216 217 216 214 217 214 218 217 218 219 217 217 219 220 219 221 220 221 222 220 222 223 220 224 225 223 220 223 225 226 227 228 227 229 228 229 230 228 230 231 228 228 231 232 231 233 232 233 234 232 234 235 232 235 236 232 236 237 232 237 238 232 238 239 232 232 239 240 239 241 240 241 242 240 242 243 240 243 244 240 245 240 244 196 195 246 246 195 247 247 195 248 195 249 248 248 249 250 250 249 251 249 252 251 251 252 228 228 252 226 226 252 253 253 252 254 254 252 255 255 252 256 256 252 257 257 252 258 258 252 259 259 252 260 260 252 261 261 252 262 252 263 262 262 263 264 264 263 265 265 263 266 266 263 267 244 267 245 267 263 245 263 268 245 245 268 269 269 268 270 270 268 224 224 268 225 268 271 225 271 272 225 272 273 225 273 274 225 274 275 225 275 276 225 276 277 225 277 278 225 278 279 225 279 280 225 225 280 281 280 282 281 282 283 281 283 284 281 284 285 281 285 286 281 286 287 281 288 281 287 201 200 289 289 200 290 200 291 290 290 291 292 292 291 293 293 291 294 294 291 295 295 291 296 296 291 297 291 298 297 297 298 299 299 298 300 300 298 301 301 298 302 298 214 302 213 302 214 272 271 303 303 271 304 304 271 305 305 271 306 306 271 307 307 271 308 308 271 309 309 271 310 310 271 311 311 271 312 271 313 312 312 313 314 314 313 315 315 313 316 316 313 287 287 313 288 313 317 288 288 317 318 319 318 317 484 485 486 487 486 485 492 485 493 484 493 485 497 492 498 493 498 492 502 497 503 498 503 497 507 502 508 503 508 502 512 507 513 508 513 507 517 512 518 513 518 512 517 518 522 523 522 518 522 523 527 528 527 523 527 528 532 533 532 528 532 533 537 538 537 533 537 538 542 543 542 538 542 543 547 548 547 543 552 547 553 548 553 547 557 552 558 553 558 552 562 557 563 558 563 557 567 562 568 563 568 562 572 567 573 568 573 567 577 572 578 573 578 572 582 583 578 577 578 583 587 588 582 583 582 588 592 593 587 588 587 593 597 598 592 593 592 598 486 487 597 598 597 487</p>
                </triangles>
                <lines count="24" material="Material5">
                    <input offset="0" semantic="VERTEX" source="#ID171" />
                    <p>320 321 322 320 323 322 324 323 325 324 326 325 327 326 328 327 329 328 330 329 331 330 332 331 333 332 334 333 335 334 336 335 337 336 338 337 339 338 340 339 341 340 342 341 343 342 321 343</p>
                </lines>
                <lines count="184" material="Material4">
                    <input offset="0" semantic="VERTEX" source="#ID171" />
                    <p>344 345 346 344 347 346 348 347 349 348 350 349 351 350 352 351 353 352 354 353 355 354 356 355 357 356 358 357 359 358 360 359 361 360 362 361 363 362 364 363 365 364 366 365 367 366 368 367 369 368 370 369 371 370 345 371 372 373 374 372 375 374 376 375 377 376 378 377 379 378 380 379 381 380 382 381 383 382 384 383 385 384 386 385 387 386 388 387 389 388 390 389 391 390 392 391 393 392 394 393 395 394 373 395 396 397 398 396 399 398 400 399 401 400 402 401 403 402 404 403 405 404 406 405 407 406 408 407 409 408 410 409 411 410 412 411 413 412 414 413 415 414 416 415 417 416 418 417 419 418 420 419 421 420 422 421 423 422 424 423 425 424 397 425 426 427 428 426 429 428 430 429 431 430 432 431 433 432 434 433 435 434 436 435 437 436 438 437 439 438 440 439 441 440 442 441 443 442 444 443 445 444 446 445 447 446 448 447 449 448 450 449 451 450 427 451 452 453 454 452 455 454 456 455 457 456 458 457 459 458 460 459 461 460 462 461 463 462 464 463 465 464 466 465 467 466 468 467 469 468 470 469 471 470 472 471 473 472 474 473 475 474 476 475 477 476 478 477 479 478 453 479 321 488 489 488 320 489 494 489 322 494 499 494 323 499 504 499 324 504 509 504 325 509 514 509 326 514 519 514 327 519 524 519 328 524 529 524 329 529 534 529 330 534 539 534 331 539 544 539 332 544 549 544 333 549 554 549 334 554 559 554 335 559 564 559 336 564 569 564 337 569 574 569 338 574 579 574 339 579 584 579 340 584 589 584 341 589 594 589 342 594 599 594 343 599 488 599</p>
                </lines>
            </mesh>
        </geometry>
        <geometry id="ID179">
            <mesh>
                <source id="ID180">
                    <float_array id="ID185" count="792">1.526616 1.645565 3.543307 1.636929 1.537872 0.3937008 1.526616 1.645565 0.3937008 1.636929 1.537872 3.543307 1.636929 1.537872 3.543307 1.526616 1.645565 3.543307 1.636929 1.537872 0.3937008 1.526616 1.645565 0.3937008 1.636929 1.537872 0.3937008 1.526616 1.645565 0.3937008 1.526616 1.645565 3.543307 1.636929 1.537872 3.543307 1.636929 1.537872 0.3937008 1.762517 1.960765 0 1.526616 1.645565 0.3937008 1.946371 1.781276 0 1.946371 1.781276 0 1.636929 1.537872 0.3937008 1.762517 1.960765 0 1.526616 1.645565 0.3937008 1.946371 1.781276 0 1.762517 1.960765 0 1.39219 1.721038 3.543307 1.39219 1.721038 0.3937008 1.39219 1.721038 3.543307 1.39219 1.721038 0.3937008 1.39219 1.721038 0.3937008 1.39219 1.721038 3.543307 1.715609 1.405296 3.543307 1.715609 1.405296 0.3937008 1.715609 1.405296 3.543307 1.715609 1.405296 0.3937008 1.715609 1.405296 0.3937008 1.715609 1.405296 3.543307 1.538472 2.086554 0 1.39219 1.721038 0.3937008 1.538472 2.086554 0 1.39219 1.721038 0.3937008 1.538472 2.086554 0 1.715609 1.405296 0.3937008 2.077506 1.560317 0 2.077506 1.560317 0 1.715609 1.405296 0.3937008 2.077506 1.560317 0 1.242809 1.759148 3.543307 1.242809 1.759148 0.3937008 1.242809 1.759148 3.543307 1.242809 1.759148 0.3937008 1.242809 1.759148 0.3937008 1.242809 1.759148 3.543307 1.757296 1.256875 3.543307 1.757296 1.256875 0.3937008 1.757296 1.256875 3.543307 1.757296 1.256875 0.3937008 1.757296 1.256875 0.3937008 1.757296 1.256875 3.543307 1.289505 2.150069 0 1.242809 1.759148 0.3937008 1.289505 2.150069 0 1.242809 1.759148 0.3937008 1.289505 2.150069 0 1.757296 1.256875 0.3937008 2.146983 1.312948 0 2.146983 1.312948 0 1.757296 1.256875 0.3937008 2.146983 1.312948 0 1.088656 1.757296 3.543307 1.088656 1.757296 0.3937008 1.088656 1.757296 3.543307 1.088656 1.757296 0.3937008 1.088656 1.757296 0.3937008 1.088656 1.757296 3.543307 1.759148 1.102721 3.543307 1.759148 1.102721 0.3937008 1.759148 1.102721 3.543307 1.759148 1.102721 0.3937008 1.759148 1.102721 0.3937008 1.759148 1.102721 3.543307 1.088656 1.757296 0.3937008 1.032583 2.146983 0 1.088656 1.757296 0.3937008 1.032583 2.146983 0 1.032583 2.146983 0 1.759148 1.102721 0.3937008 2.150069 1.056025 0 1.759148 1.102721 0.3937008 2.150069 1.056025 0 2.150069 1.056025 0 0.9402338 1.715609 3.543307 0.9402338 1.715609 0.3937008 0.9402338 1.715609 3.543307 0.9402338 1.715609 0.3937008 0.9402338 1.715609 0.3937008 0.9402338 1.715609 3.543307 1.721038 0.9533408 3.543307 1.721038 0.9533408 0.3937008 1.721038 0.9533408 3.543307 1.721038 0.9533408 0.3937008 1.721038 0.9533408 0.3937008 1.721038 0.9533408 3.543307 0.9402338 1.715609 0.3937008 0.7852129 2.077506 0 0.9402338 1.715609 0.3937008 0.7852129 2.077506 0 0.7852129 2.077506 0 2.086554 0.8070579 0 1.721038 0.9533408 0.3937008 2.086554 0.8070579 0 1.721038 0.9533408 0.3937008 2.086554 0.8070579 0 0.8076587 1.636929 3.543307 0.8076587 1.636929 0.3937008 0.8076587 1.636929 3.543307 0.8076587 1.636929 0.3937008 0.8076587 1.636929 0.3937008 0.8076587 1.636929 3.543307 1.645565 0.8189139 3.543307 1.645565 0.8189139 0.3937008 1.645565 0.8189139 3.543307 1.645565 0.8189139 0.3937008 1.645565 0.8189139 0.3937008 1.645565 0.8189139 3.543307 0.8076587 1.636929 0.3937008 0.5642544 1.946371 0 0.8076587 1.636929 0.3937008 0.5642544 1.946371 0 0.5642544 1.946371 0 1.960765 0.5830131 0 1.645565 0.8189139 0.3937008 1.960765 0.5830131 0 1.645565 0.8189139 0.3937008 1.960765 0.5830131 0 0.699965 1.526616 0.3937008 0.699965 1.526616 3.543307 0.699965 1.526616 0.3937008 0.699965 1.526616 3.543307 0.699965 1.526616 0.3937008 0.699965 1.526616 3.543307 1.537872 0.7086014 3.543307 1.537872 0.7086014 0.3937008 1.537872 0.7086014 3.543307 1.537872 0.7086014 0.3937008 1.537872 0.7086014 0.3937008 1.537872 0.7086014 3.543307 0.699965 1.526616 0.3937008 0.3847649 1.762517 0 0.699965 1.526616 0.3937008 0.3847649 1.762517 0 0.3847649 1.762517 0 1.781276 0.3991589 0 1.537872 0.7086014 0.3937008 1.781276 0.3991589 0 1.537872 0.7086014 0.3937008 1.781276 0.3991589 0 0.6244918 1.39219 0.3937008 0.6244918 1.39219 3.543307 0.6244918 1.39219 0.3937008 0.6244918 1.39219 3.543307 0.6244918 1.39219 0.3937008 0.6244918 1.39219 3.543307 1.405296 0.6299209 0.3937008 1.405296 0.6299209 3.543307 1.405296 0.6299209 3.543307 1.405296 0.6299209 0.3937008 1.405296 0.6299209 0.3937008 1.405296 0.6299209 3.543307 0.6244918 1.39219 0.3937008 0.2589763 1.538472 0 0.6244918 1.39219 0.3937008 0.2589763 1.538472 0 0.2589763 1.538472 0 1.560317 0.2680247 0 1.405296 0.6299209 0.3937008 1.560317 0.2680247 0 1.405296 0.6299209 0.3937008 1.560317 0.2680247 0 0.5863826 1.242809 0.3937008 0.5863826 1.242809 3.543307 0.5863826 1.242809 0.3937008 0.5863826 1.242809 3.543307 0.5863826 1.242809 0.3937008 0.5863826 1.242809 3.543307 1.256875 0.5882343 0.3937008 1.256875 0.5882343 3.543307 1.256875 0.5882343 3.543307 1.256875 0.5882343 0.3937008 1.256875 0.5882343 0.3937008 1.256875 0.5882343 3.543307 0.5863826 1.242809 0.3937008 0.1954609 1.289505 0 0.5863826 1.242809 0.3937008 0.1954609 1.289505 0 0.1954609 1.289505 0 1.312948 0.1985471 0 1.256875 0.5882343 0.3937008 1.312948 0.1985471 0 1.256875 0.5882343 0.3937008 1.312948 0.1985471 0 0.5882343 1.088656 0.3937008 0.5882343 1.088656 3.543307 0.5882343 1.088656 0.3937008 0.5882343 1.088656 3.543307 0.5882343 1.088656 0.3937008 0.5882343 1.088656 3.543307 1.102721 0.5863826 0.3937008 1.102721 0.5863826 3.543307 1.102721 0.5863826 3.543307 1.102721 0.5863826 0.3937008 1.102721 0.5863826 0.3937008 1.102721 0.5863826 3.543307 0.5882343 1.088656 0.3937008 0.1985471 1.032583 0 0.5882343 1.088656 0.3937008 0.1985471 1.032583 0 0.1985471 1.032583 0 1.056025 0.1954609 0 1.102721 0.5863826 0.3937008 1.102721 0.5863826 0.3937008 1.056025 0.1954609 0 1.056025 0.1954609 0 0.6299209 0.9402338 0.3937008 0.6299209 0.9402338 3.543307 0.6299209 0.9402338 0.3937008 0.6299209 0.9402338 3.543307 0.6299209 0.9402338 0.3937008 0.6299209 0.9402338 3.543307 0.9533408 0.6244918 0.3937008 0.9533408 0.6244918 3.543307 0.9533408 0.6244918 3.543307 0.9533408 0.6244918 0.3937008 0.9533408 0.6244918 0.3937008 0.9533408 0.6244918 3.543307 0.2680247 0.7852129 0 0.6299209 0.9402338 0.3937008 0.6299209 0.9402338 0.3937008 0.2680247 0.7852129 0 0.2680247 0.7852129 0 0.9533408 0.6244918 0.3937008 0.8070579 0.2589763 0 0.9533408 0.6244918 0.3937008 0.8070579 0.2589763 0 0.8070579 0.2589763 0 0.7086014 0.8076587 0.3937008 0.7086014 0.8076587 3.543307 0.7086014 0.8076587 0.3937008 0.7086014 0.8076587 3.543307 0.7086014 0.8076587 0.3937008 0.7086014 0.8076587 3.543307 0.8189139 0.699965 0.3937008 0.8189139 0.699965 3.543307 0.8189139 0.699965 3.543307 0.8189139 0.699965 0.3937008 0.8189139 0.699965 0.3937008 0.8189139 0.699965 3.543307 0.3991589 0.5642544 0 0.7086014 0.8076587 0.3937008 0.7086014 0.8076587 0.3937008 0.3991589 0.5642544 0 0.3991589 0.5642544 0 0.8189139 0.699965 0.3937008 0.5830131 0.3847649 0 0.8189139 0.699965 0.3937008 0.5830131 0.3847649 0 0.5830131 0.3847649 0</float_array>
                    <technique_common>
                        <accessor count="264" source="#ID185" stride="3">
                            <param name="X" type="float" />
                            <param name="Y" type="float" />
                            <param name="Z" type="float" />
                        </accessor>
                    </technique_common>
                </source>
                <source id="ID181">
                    <float_array id="ID186" count="792">0.5991881 0.8006083 -3.075955e-19 0.7859839 0.6182469 -5.60305e-32 0.5991881 0.8006083 -3.075955e-19 0.7859839 0.6182469 -5.60305e-32 -0.7859839 -0.6182469 5.60305e-32 -0.5991881 -0.8006083 3.075955e-19 -0.7859839 -0.6182469 5.60305e-32 -0.5991881 -0.8006083 3.075955e-19 0 0 0 0 0 0 0 0 0 0 0 0 0.5557746 0.4371666 0.7071068 0.42369 0.5661155 0.7071068 0.42369 0.5661155 0.7071068 0.5557746 0.4371666 0.7071068 -0.5557746 -0.4371666 -0.7071068 -0.5557746 -0.4371666 -0.7071068 -0.42369 -0.5661155 -0.7071068 -0.42369 -0.5661155 -0.7071068 0 0 0 0 0 0 0.3715586 0.9284095 -3.075955e-19 0.3715586 0.9284095 -3.075955e-19 -0.3715586 -0.9284095 3.075955e-19 -0.3715586 -0.9284095 3.075955e-19 0 0 0 0 0 0 0.9192163 0.393753 -6.02987e-32 0.9192163 0.393753 -6.02987e-32 -0.9192163 -0.393753 6.02987e-32 -0.9192163 -0.393753 6.02987e-32 0 0 0 0 0 0 0.2627316 0.6564847 0.7071068 0.2627316 0.6564847 0.7071068 -0.2627316 -0.6564847 -0.7071068 -0.2627316 -0.6564847 -0.7071068 0 0 0 0.6499841 0.2784254 0.7071068 0.6499841 0.2784254 0.7071068 -0.6499841 -0.2784254 -0.7071068 -0.6499841 -0.2784254 -0.7071068 0 0 0 0.118608 0.9929412 8.47438e-21 0.118608 0.9929412 8.47438e-21 -0.118608 -0.9929412 -8.47438e-21 -0.118608 -0.9929412 -8.47438e-21 0 0 0 0 0 0 0.9898055 0.1424256 -1.004e-31 0.9898055 0.1424256 -1.004e-31 -0.9898055 -0.1424256 1.004e-31 -0.9898055 -0.1424256 1.004e-31 0 0 0 0 0 0 0.08386852 0.7021154 0.7071068 0.08386852 0.7021154 0.7071068 -0.08386852 -0.7021154 -0.7071068 -0.08386852 -0.7021154 -0.7071068 0 0 0 0.6998982 0.1007101 0.7071068 0.6998982 0.1007101 0.7071068 -0.6998982 -0.1007101 -0.7071068 -0.6998982 -0.1007101 -0.7071068 0 0 0 -0.1424256 0.9898055 -1.823e-19 -0.1424256 0.9898055 -1.823e-19 0.1424256 -0.9898055 1.823e-19 0.1424256 -0.9898055 1.823e-19 0 0 0 0 0 0 0.9929412 -0.118608 -4.010126e-32 0.9929412 -0.118608 -4.010126e-32 -0.9929412 0.118608 4.010126e-32 -0.9929412 0.118608 4.010126e-32 0 0 0 0 0 0 -0.1007101 0.6998982 0.7071068 -0.1007101 0.6998982 0.7071068 0.1007101 -0.6998982 -0.7071068 0.1007101 -0.6998982 -0.7071068 0 0 0 0.7021154 -0.08386852 0.7071068 0.7021154 -0.08386852 0.7071068 -0.7021154 0.08386852 -0.7071068 -0.7021154 0.08386852 -0.7071068 0 0 0 -0.393753 0.9192163 -1.907744e-19 -0.393753 0.9192163 -1.907744e-19 0.393753 -0.9192163 1.907744e-19 0.393753 -0.9192163 1.907744e-19 0 0 0 0 0 0 0.9284095 -0.3715586 7.423647e-32 0.9284095 -0.3715586 7.423647e-32 -0.9284095 0.3715586 -7.423647e-32 -0.9284095 0.3715586 -7.423647e-32 0 0 0 0 0 0 -0.2784254 0.6499841 0.7071068 -0.2784254 0.6499841 0.7071068 0.2784254 -0.6499841 -0.7071068 0.2784254 -0.6499841 -0.7071068 0 0 0 0.6564847 -0.2627316 0.7071068 0.6564847 -0.2627316 0.7071068 -0.6564847 0.2627316 -0.7071068 -0.6564847 0.2627316 -0.7071068 0 0 0 -0.6182469 0.7859839 1.051948e-31 -0.6182469 0.7859839 1.051948e-31 0.6182469 -0.7859839 -1.051948e-31 0.6182469 -0.7859839 -1.051948e-31 0 0 0 0 0 0 0.8006083 -0.5991881 1.589635e-31 0.8006083 -0.5991881 1.589635e-31 -0.8006083 0.5991881 -1.589635e-31 -0.8006083 0.5991881 -1.589635e-31 0 0 0 0 0 0 -0.4371666 0.5557746 0.7071068 -0.4371666 0.5557746 0.7071068 0.4371666 -0.5557746 -0.7071068 0.4371666 -0.5557746 -0.7071068 0 0 0 0.5661155 -0.42369 0.7071068 0.5661155 -0.42369 0.7071068 -0.5661155 0.42369 -0.7071068 -0.5661155 0.42369 -0.7071068 0 0 0 -0.8006083 0.5991881 -2.877639e-32 -0.8006083 0.5991881 -2.877639e-32 0.8006083 -0.5991881 2.877639e-32 0.8006083 -0.5991881 2.877639e-32 0 0 0 0 0 0 0.6182469 -0.7859839 1.741705e-31 0.6182469 -0.7859839 1.741705e-31 -0.6182469 0.7859839 -1.741705e-31 -0.6182469 0.7859839 -1.741705e-31 0 0 0 0 0 0 -0.5661155 0.42369 0.7071068 -0.5661155 0.42369 0.7071068 0.5661155 -0.42369 -0.7071068 0.5661155 -0.42369 -0.7071068 0 0 0 0.4371666 -0.5557746 0.7071068 0.4371666 -0.5557746 0.7071068 -0.4371666 0.5557746 -0.7071068 -0.4371666 0.5557746 -0.7071068 0 0 0 -0.9284095 0.3715586 1.744031e-19 -0.9284095 0.3715586 1.744031e-19 0.9284095 -0.3715586 -1.744031e-19 0.9284095 -0.3715586 -1.744031e-19 0 0 0 0 0 0 0.393753 -0.9192163 -5.30393e-19 0.393753 -0.9192163 -5.30393e-19 -0.393753 0.9192163 5.30393e-19 -0.393753 0.9192163 5.30393e-19 0 0 0 0 0 0 -0.6564847 0.2627316 0.7071068 -0.6564847 0.2627316 0.7071068 0.6564847 -0.2627316 -0.7071068 0.6564847 -0.2627316 -0.7071068 0 0 0 0.2784254 -0.6499841 0.7071068 0.2784254 -0.6499841 0.7071068 -0.2784254 0.6499841 -0.7071068 -0.2784254 0.6499841 -0.7071068 0 0 0 -0.9929412 0.118608 1.744031e-19 -0.9929412 0.118608 1.744031e-19 0.9929412 -0.118608 -1.744031e-19 0.9929412 -0.118608 -1.744031e-19 0 0 0 0 0 0 0.1424256 -0.9898055 -5.30393e-19 0.1424256 -0.9898055 -5.30393e-19 -0.1424256 0.9898055 5.30393e-19 -0.1424256 0.9898055 5.30393e-19 0 0 0 0 0 0 -0.7021154 0.08386852 0.7071068 -0.7021154 0.08386852 0.7071068 0.7021154 -0.08386852 -0.7071068 0.7021154 -0.08386852 -0.7071068 0 0 0 0.1007101 -0.6998982 0.7071068 0.1007101 -0.6998982 0.7071068 -0.1007101 0.6998982 -0.7071068 -0.1007101 0.6998982 -0.7071068 0 0 0 -0.9898055 -0.1424256 -2.317963e-32 -0.9898055 -0.1424256 -2.317963e-32 0.9898055 0.1424256 2.317963e-32 0.9898055 0.1424256 2.317963e-32 0 0 0 0 0 0 -0.118608 -0.9929412 -9.011619e-32 -0.118608 -0.9929412 -9.011619e-32 0.118608 0.9929412 9.011619e-32 0.118608 0.9929412 9.011619e-32 0 0 0 0 0 0 -0.6998982 -0.1007101 0.7071068 -0.6998982 -0.1007101 0.7071068 0.6998982 0.1007101 -0.7071068 0.6998982 0.1007101 -0.7071068 0 0 0 -0.08386852 -0.7021154 0.7071068 -0.08386852 -0.7021154 0.7071068 0.08386852 0.7021154 -0.7071068 0.08386852 0.7021154 -0.7071068 0 0 0 -0.9192163 -0.393753 1.692163e-32 -0.9192163 -0.393753 1.692163e-32 0.9192163 0.393753 -1.692163e-32 0.9192163 0.393753 -1.692163e-32 0 0 0 0 0 0 -0.3715586 -0.9284095 -3.075955e-19 -0.3715586 -0.9284095 -3.075955e-19 0.3715586 0.9284095 3.075955e-19 0.3715586 0.9284095 3.075955e-19 0 0 0 0 0 0 -0.6499841 -0.2784254 0.7071068 -0.6499841 -0.2784254 0.7071068 0.6499841 0.2784254 -0.7071068 0.6499841 0.2784254 -0.7071068 0 0 0 -0.2627316 -0.6564847 0.7071068 -0.2627316 -0.6564847 0.7071068 0.2627316 0.6564847 -0.7071068 0.2627316 0.6564847 -0.7071068 0 0 0 -0.7859839 -0.6182469 1.708165e-31 -0.7859839 -0.6182469 1.708165e-31 0.7859839 0.6182469 -1.708165e-31 0.7859839 0.6182469 -1.708165e-31 0 0 0 0 0 0 -0.5991881 -0.8006083 -3.075955e-19 -0.5991881 -0.8006083 -3.075955e-19 0.5991881 0.8006083 3.075955e-19 0.5991881 0.8006083 3.075955e-19 0 0 0 0 0 0 -0.5557746 -0.4371666 0.7071068 -0.5557746 -0.4371666 0.7071068 0.5557746 0.4371666 -0.7071068 0.5557746 0.4371666 -0.7071068 0 0 0 -0.42369 -0.5661155 0.7071068 -0.42369 -0.5661155 0.7071068 0.42369 0.5661155 -0.7071068 0.42369 0.5661155 -0.7071068 0 0 0</float_array>
                    <technique_common>
                        <accessor count="264" source="#ID186" stride="3">
                            <param name="X" type="float" />
                            <param name="Y" type="float" />
                            <param name="Z" type="float" />
                        </accessor>
                    </technique_common>
                </source>
                <source id="ID182">
                    <Name_array id="ID188" count="0" />
                    <technique_common>
                        <accessor count="0" source="#ID188" stride="1">
                            <param name="skp_material" type="Name" />
                        </accessor>
                    </technique_common>
                </source>
                <source id="ID184">
                    <float_array id="ID187" count="384">0.04895855 0.05249344 0.04638178 0 0.04895855 0 0.04638178 0.05249344 -0.001616734 -0.0216713 0.001809151 -0.03091131 0.0009526795 -0.0216713 -0.002473205 -0.03091131 0.05153531 0.05249344 0.04895855 0 0.05153531 0 0.04895855 0.05249344 0.04638178 0 0.04380502 0.05249344 0.04380502 0 0.04638178 0.05249344 -0.008759268 -0.0209477 -0.005333384 -0.0301877 -0.006189855 -0.0209477 -0.009615739 -0.0301877 0.005548428 -0.0210687 0.008974312 -0.03030871 0.008117841 -0.0210687 0.004691957 -0.03030871 0.05411208 0.05249344 0.05153531 0 0.05411208 0 0.05153531 0.05249344 0.04380502 -8.673617e-19 0.04122825 0.05249344 0.04122825 -8.673617e-19 0.04380502 0.05249344 -0.01539242 -0.0189472 -0.01196654 -0.02818721 -0.01282301 -0.0189472 -0.01624889 -0.02818721 0.01224792 -0.01918097 0.01567381 -0.02842098 0.01481734 -0.01918097 0.01139145 -0.02842098 0.05668884 0.05249344 0.05411208 8.673617e-19 0.05668884 8.673617e-19 0.05411208 0.05249344 0.04122825 0 0.03865148 0.05249344 0.03865148 0 0.04122825 0.05249344 -0.01849475 -0.01580614 -0.02192063 -0.02504615 -0.01763828 -0.02504615 -0.02106416 -0.01580614 0.02145107 -0.02537675 0.01802519 -0.01613674 0.01716872 -0.02537675 0.0205946 -0.01613674 0.05926561 0.05249344 0.05668884 8.673617e-19 0.05926561 8.673617e-19 0.05668884 0.05249344 0.03865148 0 0.03607472 0.05249344 0.03607472 0 0.03865148 0.05249344 -0.02281855 -0.01173859 -0.02624443 -0.02097859 -0.02196208 -0.02097859 -0.02538796 -0.01173859 0.02163005 -0.02138349 0.02505593 -0.01214348 0.02248652 -0.01214348 0.02591241 -0.02138349 0.06184238 0.05249344 0.05926561 0 0.06184238 0 0.05926561 0.05249344 0.03607472 0 0.03349795 0.05249344 0.03349795 0 0.03607472 0.05249344 -0.02549975 -0.007021722 -0.02892564 -0.01626173 -0.02464328 -0.01626173 -0.02806917 -0.007021722 0.02447141 -0.01671333 0.0278973 -0.007473326 0.02532788 -0.007473326 0.02875377 -0.01671333 8.326673e-17 0.05249344 0.002576766 0 0.002576766 0.05249344 8.326673e-17 0 0.03349795 -8.673617e-19 0.03092119 0.05249344 0.03092119 -8.673617e-19 0.03349795 0.05249344 -0.02635564 -0.001976999 -0.02978152 -0.01121701 -0.02549917 -0.01121701 -0.02892505 -0.001976999 0.02549917 -0.01168454 0.02892505 -0.002444535 0.02635564 -0.002444535 0.02978152 -0.01168454 0.002576766 0.05249344 0.005153531 0 0.005153531 0.05249344 0.002576766 0 0.03092119 0.05249344 0.02834442 -8.673617e-19 0.03092119 -8.673617e-19 0.02834442 0.05249344 -0.02532788 0.003051792 -0.02875377 -0.006188216 -0.02447141 -0.006188216 -0.0278973 0.003051792 0.02464328 -0.006639821 0.02806917 0.002600187 0.02549975 0.002600187 0.02892564 -0.006639821 0.005153531 0.05249344 0.007730297 0 0.007730297 0.05249344 0.005153531 0 0.02834442 0.05249344 0.02576766 8.673617e-19 0.02834442 8.673617e-19 0.02576766 0.05249344 -0.02248652 0.007721948 -0.02591241 -0.001518059 -0.02163005 -0.001518059 -0.02505593 0.007721948 0.02196208 -0.001922957 0.02538796 0.00731705 0.02281855 0.00731705 0.02624443 -0.001922957 0.007730297 0.05249344 0.01030706 0 0.01030706 0.05249344 0.007730297 0 0.02576766 0.05249344 0.02319089 0 0.02576766 0 0.02319089 0.05249344 -0.01802519 0.01171521 -0.02145107 0.002475199 -0.01716872 0.002475199 -0.0205946 0.01171521 0.02106416 0.01138461 0.01763828 0.002144601 0.02192063 0.002144601 0.01849475 0.01138461 0.01030706 0.05249344 0.01288383 8.673617e-19 0.01288383 0.05249344 0.01030706 8.673617e-19 0.02319089 0.05249344 0.02061413 8.673617e-19 0.02319089 8.673617e-19 0.02061413 0.05249344 -0.01139145 0.005519425 -0.01481734 0.01475943 -0.01567381 0.005519425 -0.01224792 0.01475943 0.01624889 0.005285657 0.01282301 0.01452566 0.01196654 0.005285657 0.01539242 0.01452566 0.01288383 0.05249344 0.01546059 0 0.01546059 0.05249344 0.01288383 0 0.02061413 0.05249344 0.01803736 0 0.02061413 0 0.01803736 0.05249344 -0.004691957 0.00740716 -0.008117841 0.01664717 -0.008974312 0.00740716 -0.005548428 0.01664717 0.009615739 0.007286153 0.006189855 0.01652616 0.005333384 0.007286153 0.008759268 0.01652616 0.01803736 0.05249344 0.01546059 0 0.01803736 0 0.01546059 0.05249344 0.002473205 0.008009758 -0.0009526795 0.01724977 -0.001809151 0.008009758 0.001616734 0.01724977</float_array>
                    <technique_common>
                        <accessor count="192" source="#ID187" stride="2">
                            <param name="S" type="float" />
                            <param name="T" type="float" />
                        </accessor>
                    </technique_common>
                </source>
                <vertices id="ID183">
                    <input semantic="POSITION" source="#ID180" />
                    <input semantic="NORMAL" source="#ID181" />
                </vertices>
                <triangles count="96" material="Material3">
                    <input offset="0" semantic="VERTEX" source="#ID183" />
                    <input offset="1" semantic="TEXCOORD" source="#ID184" />
                    <p>0 0 1 1 2 2 1 1 0 0 3 3 12 4 13 5 14 6 13 5 12 4 15 7 22 8 2 9 23 10 2 9 22 8 0 11 1 12 28 13 29 14 28 13 1 12 3 15 14 16 34 17 35 18 34 17 14 16 13 19 39 20 15 21 12 22 15 21 39 20 40 23 44 24 23 25 45 26 23 25 44 24 22 27 29 28 50 29 51 30 50 29 29 28 28 31 35 32 56 33 57 34 56 33 35 32 34 35 61 36 40 37 39 38 40 37 61 36 62 39 66 40 45 41 67 42 45 41 66 40 44 43 51 44 72 45 73 46 72 45 51 44 50 47 78 48 56 49 79 50 56 49 78 48 57 51 62 52 83 53 84 54 83 53 62 52 61 55 88 56 67 57 89 58 67 57 88 56 66 59 73 60 94 61 95 62 94 61 73 60 72 63 100 64 79 65 101 66 79 65 100 64 78 67 105 68 83 69 106 70 83 69 105 68 84 71 110 72 89 73 111 74 89 73 110 72 88 75 95 76 116 77 117 78 116 77 95 76 94 79 122 80 101 81 123 82 101 81 122 80 100 83 127 84 106 85 128 86 106 85 127 84 105 87 110 88 132 89 133 90 132 89 110 88 111 91 117 92 138 93 139 94 138 93 117 92 116 95 144 96 123 97 145 98 123 97 144 96 122 99 149 100 128 101 150 102 128 101 149 100 127 103 133 104 154 105 155 106 154 105 133 104 132 107 138 108 160 109 139 110 160 109 138 108 161 111 166 112 145 113 167 114 145 113 166 112 144 115 171 116 150 117 172 118 150 117 171 116 149 119 155 120 176 121 177 122 176 121 155 120 154 123 161 124 182 125 160 126 182 125 161 124 183 127 188 128 167 129 189 130 167 129 188 128 166 131 193 132 172 133 194 134 172 133 193 132 171 135 177 136 198 137 199 138 198 137 177 136 176 139 183 140 204 141 182 142 204 141 183 140 205 143 210 144 189 145 211 146 189 145 210 144 188 147 194 148 215 149 193 150 215 149 194 148 216 151 199 152 220 153 221 154 220 153 199 152 198 155 205 156 226 157 204 158 226 157 205 156 227 159 232 160 210 161 211 162 210 161 232 160 233 163 215 164 237 165 238 166 237 165 215 164 216 167 221 168 242 169 243 170 242 169 221 168 220 171 227 172 248 173 226 174 248 173 227 172 249 175 254 176 233 177 232 178 233 177 254 176 255 179 238 180 259 181 260 182 259 181 238 180 237 183 249 184 242 185 248 186 242 185 249 184 243 187 260 188 255 189 254 190 255 189 260 188 259 191</p>
                </triangles>
                <triangles count="96" material="Material2">
                    <input offset="0" semantic="VERTEX" source="#ID183" />
                    <p>4 5 6 7 6 5 16 17 18 19 18 17 5 24 7 25 7 24 4 6 30 31 30 6 18 19 36 37 36 19 41 42 16 17 16 42 24 46 25 47 25 46 30 31 52 53 52 31 36 37 58 59 58 37 63 64 41 42 41 64 46 68 47 69 47 68 52 53 74 75 74 53 59 80 58 81 58 80 64 63 85 86 85 63 68 90 69 91 69 90 74 75 96 97 96 75 80 102 81 103 81 102 86 107 85 108 85 107 90 112 91 113 91 112 96 97 118 119 118 97 102 124 103 125 103 124 107 129 108 130 108 129 113 112 134 135 134 112 118 119 140 141 140 119 124 146 125 147 125 146 129 151 130 152 130 151 134 135 156 157 156 135 162 140 163 141 163 140 146 168 147 169 147 168 151 173 152 174 152 173 156 157 178 179 178 157 184 162 185 163 185 162 168 190 169 191 169 190 173 195 174 196 174 195 178 179 200 201 200 179 206 184 207 185 207 184 190 212 191 213 191 212 217 196 218 195 218 196 200 201 222 223 222 201 228 206 229 207 229 206 234 235 212 213 212 235 217 218 239 240 239 218 222 223 244 245 244 223 250 228 251 229 251 228 256 257 234 235 234 257 239 240 261 262 261 240 245 250 244 251 244 250 261 262 256 257 256 262</p>
                </triangles>
                <lines count="96" material="Material4">
                    <input offset="0" semantic="VERTEX" source="#ID183" />
                    <p>8 9 9 10 10 11 8 11 21 9 20 8 9 26 26 27 27 10 32 8 11 33 32 33 38 26 43 32 26 48 48 49 49 27 54 32 33 55 54 55 60 48 65 54 48 70 70 71 71 49 76 54 55 77 76 77 82 70 87 76 70 92 92 93 93 71 98 76 77 99 98 99 104 92 98 109 92 114 114 115 115 93 120 98 99 121 120 121 126 114 131 120 114 136 136 137 137 115 142 120 121 143 142 143 148 136 153 142 136 158 158 159 159 137 164 142 143 165 164 165 170 158 175 164 158 180 180 181 181 159 186 164 165 187 186 187 192 180 197 186 180 202 202 203 203 181 208 186 187 209 208 209 214 202 219 208 202 224 224 225 225 203 230 208 209 231 230 231 236 224 241 230 224 246 246 247 247 225 252 230 231 253 252 253 258 246 263 252 246 252 253 247</p>
                </lines>
                <lines count="24" material="Material5">
                    <input offset="0" semantic="VERTEX" source="#ID183" />
                    <p>20 21 21 38 43 20 38 60 65 43 60 82 87 65 82 104 109 87 104 126 131 109 126 148 153 131 148 170 175 153 170 192 197 175 192 214 219 197 214 236 241 219 236 258 263 241 258 263</p>
                </lines>
            </mesh>
        </geometry>
        <geometry id="ID189">
            <mesh>
                <source id="ID190">
                    <float_array id="ID194" count="720">0.1780452 1.045184 3.937008 0.1818832 1.07717 3.937008 0.1778587 1.046601 3.937008 0.1818832 1.016032 3.937008 0.1936825 0.9875457 3.937008 0.1936825 1.105656 3.937008 0.2124524 0.9630842 3.937008 0.2124524 1.130117 3.937008 0.2369138 0.9443143 3.937008 0.2369138 1.148887 3.937008 0.2653997 0.932515 3.937008 0.2653997 1.160687 3.937008 0.2959689 0.9284905 3.937008 0.2945524 1.164525 3.937008 0.2959689 1.164711 3.937008 0.3265381 0.932515 3.937008 0.3265381 1.160687 3.937008 0.3278581 0.9330618 3.937008 0.355024 1.148887 3.937008 0.355024 0.9443143 3.937008 0.3794855 0.9630842 3.937008 0.3794855 1.130117 3.937008 0.3982554 0.9875457 3.937008 0.3982554 1.105656 3.937008 0.4100547 1.016032 3.937008 0.4095079 1.07849 3.937008 0.4100547 1.07717 3.937008 0.4140792 1.046601 3.937008 0.4140792 1.046601 3.937008 0.4100547 1.016032 3.937008 0.4100547 1.07717 3.937008 0.4095079 1.07849 3.937008 0.3982554 1.105656 3.937008 0.3982554 0.9875457 3.937008 0.3794855 1.130117 3.937008 0.3794855 0.9630842 3.937008 0.355024 1.148887 3.937008 0.355024 0.9443143 3.937008 0.3278581 0.9330618 3.937008 0.3265381 1.160687 3.937008 0.3265381 0.932515 3.937008 0.2959689 1.164711 3.937008 0.2959689 0.9284905 3.937008 0.2945524 1.164525 3.937008 0.2653997 1.160687 3.937008 0.2653997 0.932515 3.937008 0.2369138 1.148887 3.937008 0.2369138 0.9443143 3.937008 0.2124524 1.130117 3.937008 0.2124524 0.9630842 3.937008 0.1936825 1.105656 3.937008 0.1936825 0.9875457 3.937008 0.1818832 1.07717 3.937008 0.1818832 1.016032 3.937008 0.1780452 1.045184 3.937008 0.1778587 1.046601 3.937008 0.2945524 1.164525 3.937008 0.2959689 1.164711 3.937008 0.2653997 1.160687 3.937008 0.2369138 1.148887 3.937008 0.2124524 1.130117 3.937008 0.1936825 1.105656 3.937008 0.1818832 1.07717 3.937008 0.1778587 1.046601 3.937008 0.1780452 1.045184 3.937008 0.1818832 1.016032 3.937008 0.1936825 0.9875457 3.937008 0.2124524 0.9630842 3.937008 0.2369138 0.9443143 3.937008 0.2653997 0.932515 3.937008 0.2959689 0.9284905 3.937008 0.3265381 0.932515 3.937008 0.3278581 0.9330618 3.937008 0.355024 0.9443143 3.937008 0.3794855 0.9630842 3.937008 0.3982554 0.9875457 3.937008 0.4100547 1.016032 3.937008 0.4140792 1.046601 3.937008 0.4100547 1.07717 3.937008 0.4095079 1.07849 3.937008 0.3982554 1.105656 3.937008 0.3794855 1.130117 3.937008 0.355024 1.148887 3.937008 0.3265381 1.160687 3.937008 0.2959689 1.164711 3.937008 0.2945524 1.164525 3.543307 0.2959689 1.164711 3.543307 0.2945524 1.164525 3.937008 0.2945524 1.164525 3.937008 0.2959689 1.164711 3.937008 0.2945524 1.164525 3.543307 0.2959689 1.164711 3.543307 0.2945524 1.164525 3.543307 0.2959689 1.164711 3.543307 0.2945524 1.164525 3.937008 0.2653997 1.160687 3.543307 0.2945524 1.164525 3.543307 0.2653997 1.160687 3.937008 0.2653997 1.160687 3.937008 0.2945524 1.164525 3.937008 0.2653997 1.160687 3.543307 0.2945524 1.164525 3.543307 0.2653997 1.160687 3.543307 0.2369138 1.148887 3.543307 0.2369138 1.148887 3.937008 0.2369138 1.148887 3.937008 0.2369138 1.148887 3.543307 0.2369138 1.148887 3.543307 0.2124524 1.130117 3.543307 0.2124524 1.130117 3.937008 0.2124524 1.130117 3.937008 0.2124524 1.130117 3.543307 0.2124524 1.130117 3.543307 0.1936825 1.105656 3.937008 0.1936825 1.105656 3.543307 0.1936825 1.105656 3.937008 0.1936825 1.105656 3.543307 0.1936825 1.105656 3.543307 0.1818832 1.07717 3.937008 0.1818832 1.07717 3.543307 0.1818832 1.07717 3.937008 0.1818832 1.07717 3.543307 0.1818832 1.07717 3.543307 0.1778587 1.046601 3.937008 0.1778587 1.046601 3.543307 0.1778587 1.046601 3.937008 0.1778587 1.046601 3.543307 0.1778587 1.046601 3.543307 0.1780452 1.045184 3.937008 0.1780452 1.045184 3.543307 0.1780452 1.045184 3.937008 0.1780452 1.045184 3.543307 0.1780452 1.045184 3.543307 0.1780452 1.045184 3.543307 0.1818832 1.016032 3.937008 0.1818832 1.016032 3.543307 0.1780452 1.045184 3.937008 0.1780452 1.045184 3.937008 0.1780452 1.045184 3.543307 0.1818832 1.016032 3.937008 0.1818832 1.016032 3.543307 0.1818832 1.016032 3.543307 0.1936825 0.9875457 3.937008 0.1936825 0.9875457 3.543307 0.1936825 0.9875457 3.937008 0.1936825 0.9875457 3.543307 0.1936825 0.9875457 3.543307 0.2124524 0.9630842 3.937008 0.2124524 0.9630842 3.543307 0.2124524 0.9630842 3.937008 0.2124524 0.9630842 3.543307 0.2124524 0.9630842 3.543307 0.2369138 0.9443143 3.543307 0.2369138 0.9443143 3.937008 0.2369138 0.9443143 3.937008 0.2369138 0.9443143 3.543307 0.2369138 0.9443143 3.543307 0.2653997 0.932515 3.543307 0.2653997 0.932515 3.937008 0.2653997 0.932515 3.937008 0.2653997 0.932515 3.543307 0.2653997 0.932515 3.543307 0.2959689 0.9284905 3.543307 0.2959689 0.9284905 3.937008 0.2959689 0.9284905 3.937008 0.2959689 0.9284905 3.543307 0.2959689 0.9284905 3.543307 0.3265381 0.932515 3.543307 0.3265381 0.932515 3.937008 0.3265381 0.932515 3.937008 0.3265381 0.932515 3.543307 0.3265381 0.932515 3.543307 0.3278581 0.9330618 3.543307 0.3278581 0.9330618 3.937008 0.3278581 0.9330618 3.937008 0.3278581 0.9330618 3.543307 0.3278581 0.9330618 3.543307 0.3278581 0.9330618 3.937008 0.355024 0.9443143 3.543307 0.3278581 0.9330618 3.543307 0.355024 0.9443143 3.937008 0.355024 0.9443143 3.937008 0.3278581 0.9330618 3.937008 0.355024 0.9443143 3.543307 0.3278581 0.9330618 3.543307 0.355024 0.9443143 3.543307 0.3794855 0.9630842 3.543307 0.3794855 0.9630842 3.937008 0.3794855 0.9630842 3.937008 0.3794855 0.9630842 3.543307 0.3794855 0.9630842 3.543307 0.3982554 0.9875457 3.937008 0.3982554 0.9875457 3.543307 0.3982554 0.9875457 3.543307 0.3982554 0.9875457 3.937008 0.3982554 0.9875457 3.543307 0.4100547 1.016032 3.937008 0.4100547 1.016032 3.543307 0.4100547 1.016032 3.543307 0.4100547 1.016032 3.937008 0.4100547 1.016032 3.543307 0.4140792 1.046601 3.937008 0.4140792 1.046601 3.543307 0.4140792 1.046601 3.543307 0.4140792 1.046601 3.937008 0.4140792 1.046601 3.543307 0.4100547 1.07717 3.937008 0.4100547 1.07717 3.543307 0.4100547 1.07717 3.543307 0.4100547 1.07717 3.937008 0.4100547 1.07717 3.543307 0.4095079 1.07849 3.937008 0.4095079 1.07849 3.543307 0.4095079 1.07849 3.543307 0.4095079 1.07849 3.937008 0.4095079 1.07849 3.543307 0.3982554 1.105656 3.937008 0.4095079 1.07849 3.543307 0.4095079 1.07849 3.937008 0.3982554 1.105656 3.543307 0.3982554 1.105656 3.543307 0.3982554 1.105656 3.937008 0.4095079 1.07849 3.543307 0.4095079 1.07849 3.937008 0.3982554 1.105656 3.543307 0.3794855 1.130117 3.937008 0.3794855 1.130117 3.543307 0.3794855 1.130117 3.543307 0.3794855 1.130117 3.937008 0.3794855 1.130117 3.543307 0.355024 1.148887 3.543307 0.355024 1.148887 3.937008 0.355024 1.148887 3.937008 0.355024 1.148887 3.543307 0.355024 1.148887 3.543307 0.3265381 1.160687 3.543307 0.3265381 1.160687 3.937008 0.3265381 1.160687 3.937008 0.3265381 1.160687 3.543307 0.3265381 1.160687 3.543307</float_array>
                    <technique_common>
                        <accessor count="240" source="#ID194" stride="3">
                            <param name="X" type="float" />
                            <param name="Y" type="float" />
                            <param name="Z" type="float" />
                        </accessor>
                    </technique_common>
                </source>
                <source id="ID191">
                    <float_array id="ID195" count="720">0 0 1 0 0 1 0 0 1 0 0 1 0 0 1 0 0 1 0 0 1 0 0 1 0 0 1 0 0 1 0 0 1 0 0 1 0 0 1 0 0 1 0 0 1 0 0 1 0 0 1 0 0 1 0 0 1 0 0 1 0 0 1 0 0 1 0 0 1 0 0 1 0 0 1 0 0 1 0 0 1 0 0 1 -0 -0 -1 -0 -0 -1 -0 -0 -1 -0 -0 -1 -0 -0 -1 -0 -0 -1 -0 -0 -1 -0 -0 -1 -0 -0 -1 -0 -0 -1 -0 -0 -1 -0 -0 -1 -0 -0 -1 -0 -0 -1 -0 -0 -1 -0 -0 -1 -0 -0 -1 -0 -0 -1 -0 -0 -1 -0 -0 -1 -0 -0 -1 -0 -0 -1 -0 -0 -1 -0 -0 -1 -0 -0 -1 -0 -0 -1 -0 -0 -1 -0 -0 -1 0 0 0 0 0 0 0 0 0 0 0 0 0 0 0 0 0 0 0 0 0 0 0 0 0 0 0 0 0 0 0 0 0 0 0 0 0 0 0 0 0 0 0 0 0 0 0 0 0 0 0 0 0 0 0 0 0 0 0 0 0 0 0 0 0 0 0 0 0 0 0 0 0 0 0 0 0 0 0 0 0 0 0 0 -3.84452e-13 -1 0 0.1305262 -0.9914449 0 -3.84452e-13 -1 0 0.1305262 -0.9914449 0 -0.1305262 0.9914449 -0 3.84452e-13 1 -0 -0.1305262 0.9914449 -0 3.84452e-13 1 -0 0 0 0 0 0 0 0.1305262 -0.9914449 0 0.258819 -0.9659258 0 0.1305262 -0.9914449 0 0.258819 -0.9659258 0 -0.258819 0.9659258 -0 -0.1305262 0.9914449 -0 -0.258819 0.9659258 -0 -0.1305262 0.9914449 -0 0 0 0 0.5 -0.8660254 0 0.5 -0.8660254 0 -0.5 0.8660254 -0 -0.5 0.8660254 -0 0 0 0 0.7071068 -0.7071068 0 0.7071068 -0.7071068 0 -0.7071068 0.7071068 -0 -0.7071068 0.7071068 -0 0 0 0 0.8660254 -0.5 0 0.8660254 -0.5 0 -0.8660254 0.5 -0 -0.8660254 0.5 -0 0 0 0 0.9659258 -0.258819 0 0.9659258 -0.258819 0 -0.9659258 0.258819 -0 -0.9659258 0.258819 -0 0 0 0 1 -3.844431e-13 0 1 -3.844431e-13 0 -1 3.844431e-13 -0 -1 3.844431e-13 -0 0 0 0 0.9914449 0.1305262 0 0.9914449 0.1305262 0 -0.9914449 -0.1305262 -0 -0.9914449 -0.1305262 -0 0 0 0 0.9914449 0.1305262 0 0.9659258 0.258819 0 0.9659258 0.258819 0 0.9914449 0.1305262 0 -0.9914449 -0.1305262 -0 -0.9914449 -0.1305262 -0 -0.9659258 -0.258819 -0 -0.9659258 -0.258819 -0 0 0 0 0.8660254 0.5 0 0.8660254 0.5 0 -0.8660254 -0.5 -0 -0.8660254 -0.5 -0 0 0 0 0.7071068 0.7071068 0 0.7071068 0.7071068 0 -0.7071068 -0.7071068 -0 -0.7071068 -0.7071068 -0 0 0 0 0.5 0.8660254 0 0.5 0.8660254 0 -0.5 -0.8660254 -0 -0.5 -0.8660254 -0 0 0 0 0.258819 0.9659258 0 0.258819 0.9659258 0 -0.258819 -0.9659258 -0 -0.258819 -0.9659258 -0 0 0 0 0 1 0 0 1 0 -0 -1 -0 -0 -1 -0 0 0 0 -0.258819 0.9659258 0 -0.258819 0.9659258 0 0.258819 -0.9659258 -0 0.258819 -0.9659258 -0 0 0 0 -0.3826834 0.9238795 0 -0.3826834 0.9238795 0 0.3826834 -0.9238795 -0 0.3826834 -0.9238795 -0 0 0 0 -0.3826834 0.9238795 0 -0.5 0.8660254 0 -0.3826834 0.9238795 0 -0.5 0.8660254 0 0.5 -0.8660254 -0 0.3826834 -0.9238795 -0 0.5 -0.8660254 -0 0.3826834 -0.9238795 -0 0 0 0 -0.7071068 0.7071068 0 -0.7071068 0.7071068 0 0.7071068 -0.7071068 -0 0.7071068 -0.7071068 -0 0 0 0 -0.8660254 0.5 0 -0.8660254 0.5 0 0.8660254 -0.5 -0 0.8660254 -0.5 -0 0 0 0 -0.9659258 0.258819 0 -0.9659258 0.258819 0 0.9659258 -0.258819 -0 0.9659258 -0.258819 -0 0 0 0 -1 0 0 -1 0 0 1 -0 -0 1 -0 -0 0 0 0 -0.9659258 -0.258819 0 -0.9659258 -0.258819 0 0.9659258 0.258819 -0 0.9659258 0.258819 -0 0 0 0 -0.9238795 -0.3826834 0 -0.9238795 -0.3826834 0 0.9238795 0.3826834 -0 0.9238795 0.3826834 -0 0 0 0 -0.8660254 -0.5 0 -0.9238795 -0.3826834 0 -0.9238795 -0.3826834 0 -0.8660254 -0.5 0 0.8660254 0.5 -0 0.8660254 0.5 -0 0.9238795 0.3826834 -0 0.9238795 0.3826834 -0 0 0 0 -0.7071068 -0.7071068 0 -0.7071068 -0.7071068 0 0.7071068 0.7071068 -0 0.7071068 0.7071068 -0 0 0 0 -0.5 -0.8660254 0 -0.5 -0.8660254 0 0.5 0.8660254 -0 0.5 0.8660254 -0 0 0 0 -0.258819 -0.9659258 0 -0.258819 -0.9659258 0 0.258819 0.9659258 -0 0.258819 0.9659258 -0 0 0 0</float_array>
                    <technique_common>
                        <accessor count="240" source="#ID195" stride="3">
                            <param name="X" type="float" />
                            <param name="Y" type="float" />
                            <param name="Z" type="float" />
                        </accessor>
                    </technique_common>
                </source>
                <source id="ID192">
                    <Name_array id="ID196" count="0" />
                    <technique_common>
                        <accessor count="0" source="#ID196" stride="1">
                            <param name="skp_material" type="Name" />
                        </accessor>
                    </technique_common>
                </source>
                <vertices id="ID193">
                    <input semantic="POSITION" source="#ID190" />
                    <input semantic="NORMAL" source="#ID191" />
                </vertices>
                <triangles count="82" material="Material2">
                    <input offset="0" semantic="VERTEX" source="#ID193" />
                    <p>0 1 2 1 0 3 1 3 4 1 4 5 5 4 6 5 6 7 7 6 8 7 8 9 9 8 10 9 10 11 11 10 12 11 12 13 13 12 14 14 12 15 14 15 16 16 15 17 16 17 18 18 17 19 18 19 20 18 20 21 21 20 22 21 22 23 23 22 24 23 24 25 25 24 26 26 24 27 84 85 86 85 84 87 94 95 96 95 94 97 97 103 95 103 97 104 104 108 103 108 104 109 108 113 114 113 108 109 114 118 119 118 114 113 119 123 124 123 119 118 124 128 129 128 124 123 133 134 135 134 133 136 135 142 143 142 135 134 143 147 148 147 143 142 147 152 148 152 147 153 153 157 152 157 153 158 158 162 157 162 158 163 163 167 162 167 163 168 168 172 167 172 168 173 177 178 179 178 177 180 180 186 178 186 180 187 191 186 187 186 191 192 196 192 191 192 196 197 201 197 196 197 201 202 206 202 201 202 206 207 211 207 206 207 211 212 216 217 218 217 216 219 225 219 216 219 225 226 225 230 226 230 225 231 231 235 230 235 231 236 236 86 235 86 236 84</p>
                </triangles>
                <triangles count="82" material="Material3">
                    <input offset="0" semantic="VERTEX" source="#ID193" />
                    <p>28 29 30 30 29 31 31 29 32 29 33 32 32 33 34 33 35 34 34 35 36 35 37 36 37 38 36 36 38 39 38 40 39 39 40 41 40 42 41 41 42 43 43 42 44 42 45 44 44 45 46 45 47 46 46 47 48 47 49 48 48 49 50 49 51 50 50 51 52 51 53 52 53 54 52 55 52 54 88 89 90 91 90 89 98 99 100 101 100 99 105 98 106 100 106 98 110 105 111 106 111 105 110 111 115 116 115 111 115 116 120 121 120 116 120 121 125 126 125 121 125 126 130 131 130 126 137 138 139 140 139 138 139 140 144 145 144 140 144 145 149 150 149 145 154 149 155 150 155 149 159 154 160 155 160 154 164 159 165 160 165 159 169 164 170 165 170 164 174 169 175 170 175 169 181 182 183 184 183 182 188 181 189 183 189 181 193 194 189 188 189 194 198 199 193 194 193 199 203 204 198 199 198 204 208 209 203 204 203 209 213 214 208 209 208 214 220 221 222 223 222 221 227 228 220 221 220 228 232 228 233 227 233 228 237 232 238 233 238 232 89 237 91 238 91 237</p>
                </triangles>
                <lines count="84" material="Material4">
                    <input offset="0" semantic="VERTEX" source="#ID193" />
                    <p>56 57 58 56 59 58 60 59 61 60 62 61 63 62 64 63 65 64 66 65 67 66 68 67 69 68 70 69 71 70 72 71 73 72 74 73 75 74 76 75 77 76 78 77 79 78 80 79 81 80 82 81 83 82 57 83 92 93 93 57 92 56 102 92 102 58 107 102 107 59 112 107 112 60 117 112 117 61 122 117 122 62 127 122 127 63 132 127 132 64 141 132 141 65 146 141 146 66 151 146 151 67 156 151 156 68 161 156 161 69 166 161 166 70 171 166 171 71 176 171 176 72 185 176 185 73 190 185 190 74 195 190 195 75 200 195 200 76 205 200 205 77 210 205 210 78 215 210 215 79 224 215 224 80 229 224 229 81 234 229 234 82 239 234 239 83 93 239</p>
                </lines>
            </mesh>
        </geometry>
        <geometry id="ID197">
            <mesh>
                <source id="ID198">
                    <float_array id="ID202" count="720">1.931638 1.297513 3.937008 1.935476 1.329499 3.937008 1.931451 1.29893 3.937008 1.935476 1.26836 3.937008 1.947275 1.239874 3.937008 1.947275 1.357985 3.937008 1.966045 1.215413 3.937008 1.966045 1.382446 3.937008 1.990506 1.196643 3.937008 1.990506 1.401216 3.937008 2.018992 1.184844 3.937008 2.017672 1.412468 3.937008 2.018992 1.413015 3.937008 2.049561 1.180819 3.937008 2.049561 1.41704 3.937008 2.050978 1.181006 3.937008 2.080131 1.413015 3.937008 2.080131 1.184844 3.937008 2.108616 1.196643 3.937008 2.108616 1.401216 3.937008 2.133078 1.215413 3.937008 2.133078 1.382446 3.937008 2.151848 1.239874 3.937008 2.151848 1.357985 3.937008 2.163647 1.26836 3.937008 2.1631 1.330819 3.937008 2.163647 1.329499 3.937008 2.167672 1.29893 3.937008 2.167672 1.29893 3.937008 2.163647 1.26836 3.937008 2.163647 1.329499 3.937008 2.1631 1.330819 3.937008 2.151848 1.357985 3.937008 2.151848 1.239874 3.937008 2.133078 1.382446 3.937008 2.133078 1.215413 3.937008 2.108616 1.401216 3.937008 2.108616 1.196643 3.937008 2.080131 1.413015 3.937008 2.080131 1.184844 3.937008 2.050978 1.181006 3.937008 2.049561 1.41704 3.937008 2.049561 1.180819 3.937008 2.018992 1.413015 3.937008 2.018992 1.184844 3.937008 2.017672 1.412468 3.937008 1.990506 1.401216 3.937008 1.990506 1.196643 3.937008 1.966045 1.382446 3.937008 1.966045 1.215413 3.937008 1.947275 1.357985 3.937008 1.947275 1.239874 3.937008 1.935476 1.329499 3.937008 1.935476 1.26836 3.937008 1.931638 1.297513 3.937008 1.931451 1.29893 3.937008 2.050978 1.181006 3.937008 2.049561 1.180819 3.937008 2.080131 1.184844 3.937008 2.108616 1.196643 3.937008 2.133078 1.215413 3.937008 2.151848 1.239874 3.937008 2.163647 1.26836 3.937008 2.167672 1.29893 3.937008 2.163647 1.329499 3.937008 2.1631 1.330819 3.937008 2.151848 1.357985 3.937008 2.133078 1.382446 3.937008 2.108616 1.401216 3.937008 2.080131 1.413015 3.937008 2.049561 1.41704 3.937008 2.018992 1.413015 3.937008 2.017672 1.412468 3.937008 1.990506 1.401216 3.937008 1.966045 1.382446 3.937008 1.947275 1.357985 3.937008 1.935476 1.329499 3.937008 1.931451 1.29893 3.937008 1.931638 1.297513 3.937008 1.935476 1.26836 3.937008 1.947275 1.239874 3.937008 1.966045 1.215413 3.937008 1.990506 1.196643 3.937008 2.018992 1.184844 3.937008 2.049561 1.180819 3.937008 2.050978 1.181006 3.543307 2.049561 1.180819 3.543307 2.050978 1.181006 3.937008 2.050978 1.181006 3.937008 2.049561 1.180819 3.937008 2.050978 1.181006 3.543307 2.049561 1.180819 3.543307 2.050978 1.181006 3.543307 2.049561 1.180819 3.543307 2.050978 1.181006 3.937008 2.080131 1.184844 3.543307 2.050978 1.181006 3.543307 2.080131 1.184844 3.937008 2.080131 1.184844 3.937008 2.050978 1.181006 3.937008 2.080131 1.184844 3.543307 2.050978 1.181006 3.543307 2.080131 1.184844 3.543307 2.108616 1.196643 3.543307 2.108616 1.196643 3.937008 2.108616 1.196643 3.937008 2.108616 1.196643 3.543307 2.108616 1.196643 3.543307 2.133078 1.215413 3.543307 2.133078 1.215413 3.937008 2.133078 1.215413 3.937008 2.133078 1.215413 3.543307 2.133078 1.215413 3.543307 2.151848 1.239874 3.937008 2.151848 1.239874 3.543307 2.151848 1.239874 3.543307 2.151848 1.239874 3.937008 2.151848 1.239874 3.543307 2.163647 1.26836 3.937008 2.163647 1.26836 3.543307 2.163647 1.26836 3.543307 2.163647 1.26836 3.937008 2.163647 1.26836 3.543307 2.167672 1.29893 3.937008 2.167672 1.29893 3.543307 2.167672 1.29893 3.543307 2.167672 1.29893 3.937008 2.167672 1.29893 3.543307 2.163647 1.329499 3.937008 2.163647 1.329499 3.543307 2.163647 1.329499 3.543307 2.163647 1.329499 3.937008 2.163647 1.329499 3.543307 2.1631 1.330819 3.937008 2.1631 1.330819 3.543307 2.1631 1.330819 3.543307 2.1631 1.330819 3.937008 2.1631 1.330819 3.543307 2.151848 1.357985 3.937008 2.1631 1.330819 3.543307 2.1631 1.330819 3.937008 2.151848 1.357985 3.543307 2.151848 1.357985 3.543307 2.151848 1.357985 3.937008 2.1631 1.330819 3.543307 2.1631 1.330819 3.937008 2.151848 1.357985 3.543307 2.133078 1.382446 3.937008 2.133078 1.382446 3.543307 2.133078 1.382446 3.543307 2.133078 1.382446 3.937008 2.133078 1.382446 3.543307 2.108616 1.401216 3.543307 2.108616 1.401216 3.937008 2.108616 1.401216 3.937008 2.108616 1.401216 3.543307 2.108616 1.401216 3.543307 2.080131 1.413015 3.543307 2.080131 1.413015 3.937008 2.080131 1.413015 3.937008 2.080131 1.413015 3.543307 2.080131 1.413015 3.543307 2.049561 1.41704 3.543307 2.049561 1.41704 3.937008 2.049561 1.41704 3.937008 2.049561 1.41704 3.543307 2.049561 1.41704 3.543307 2.018992 1.413015 3.543307 2.018992 1.413015 3.937008 2.018992 1.413015 3.937008 2.018992 1.413015 3.543307 2.018992 1.413015 3.543307 2.017672 1.412468 3.543307 2.017672 1.412468 3.937008 2.017672 1.412468 3.937008 2.017672 1.412468 3.543307 2.017672 1.412468 3.543307 2.017672 1.412468 3.937008 1.990506 1.401216 3.543307 2.017672 1.412468 3.543307 1.990506 1.401216 3.937008 1.990506 1.401216 3.937008 2.017672 1.412468 3.937008 1.990506 1.401216 3.543307 2.017672 1.412468 3.543307 1.990506 1.401216 3.543307 1.966045 1.382446 3.543307 1.966045 1.382446 3.937008 1.966045 1.382446 3.937008 1.966045 1.382446 3.543307 1.966045 1.382446 3.543307 1.947275 1.357985 3.937008 1.947275 1.357985 3.543307 1.947275 1.357985 3.937008 1.947275 1.357985 3.543307 1.947275 1.357985 3.543307 1.935476 1.329499 3.937008 1.935476 1.329499 3.543307 1.935476 1.329499 3.937008 1.935476 1.329499 3.543307 1.935476 1.329499 3.543307 1.931451 1.29893 3.937008 1.931451 1.29893 3.543307 1.931451 1.29893 3.937008 1.931451 1.29893 3.543307 1.931451 1.29893 3.543307 1.931638 1.297513 3.937008 1.931638 1.297513 3.543307 1.931638 1.297513 3.937008 1.931638 1.297513 3.543307 1.931638 1.297513 3.543307 1.931638 1.297513 3.543307 1.935476 1.26836 3.937008 1.935476 1.26836 3.543307 1.931638 1.297513 3.937008 1.931638 1.297513 3.937008 1.931638 1.297513 3.543307 1.935476 1.26836 3.937008 1.935476 1.26836 3.543307 1.935476 1.26836 3.543307 1.947275 1.239874 3.937008 1.947275 1.239874 3.543307 1.947275 1.239874 3.937008 1.947275 1.239874 3.543307 1.947275 1.239874 3.543307 1.966045 1.215413 3.937008 1.966045 1.215413 3.543307 1.966045 1.215413 3.937008 1.966045 1.215413 3.543307 1.966045 1.215413 3.543307 1.990506 1.196643 3.543307 1.990506 1.196643 3.937008 1.990506 1.196643 3.937008 1.990506 1.196643 3.543307 1.990506 1.196643 3.543307 2.018992 1.184844 3.543307 2.018992 1.184844 3.937008 2.018992 1.184844 3.937008 2.018992 1.184844 3.543307 2.018992 1.184844 3.543307</float_array>
                    <technique_common>
                        <accessor count="240" source="#ID202" stride="3">
                            <param name="X" type="float" />
                            <param name="Y" type="float" />
                            <param name="Z" type="float" />
                        </accessor>
                    </technique_common>
                </source>
                <source id="ID199">
                    <float_array id="ID203" count="720">0 0 1 0 0 1 0 0 1 0 0 1 0 0 1 0 0 1 0 0 1 0 0 1 0 0 1 0 0 1 0 0 1 0 0 1 0 0 1 0 0 1 0 0 1 0 0 1 0 0 1 0 0 1 0 0 1 0 0 1 0 0 1 0 0 1 0 0 1 0 0 1 0 0 1 0 0 1 0 0 1 0 0 1 -0 -0 -1 -0 -0 -1 -0 -0 -1 -0 -0 -1 -0 -0 -1 -0 -0 -1 -0 -0 -1 -0 -0 -1 -0 -0 -1 -0 -0 -1 -0 -0 -1 -0 -0 -1 -0 -0 -1 -0 -0 -1 -0 -0 -1 -0 -0 -1 -0 -0 -1 -0 -0 -1 -0 -0 -1 -0 -0 -1 -0 -0 -1 -0 -0 -1 -0 -0 -1 -0 -0 -1 -0 -0 -1 -0 -0 -1 -0 -0 -1 -0 -0 -1 0 0 0 0 0 0 0 0 0 0 0 0 0 0 0 0 0 0 0 0 0 0 0 0 0 0 0 0 0 0 0 0 0 0 0 0 0 0 0 0 0 0 0 0 0 0 0 0 0 0 0 0 0 0 0 0 0 0 0 0 0 0 0 0 0 0 0 0 0 0 0 0 0 0 0 0 0 0 0 0 0 0 0 0 5.467144e-13 1 0 -0.1305262 0.9914449 0 5.467144e-13 1 0 -0.1305262 0.9914449 0 0.1305262 -0.9914449 -0 -5.467144e-13 -1 -0 0.1305262 -0.9914449 -0 -5.467144e-13 -1 -0 0 0 0 0 0 0 -0.1305262 0.9914449 0 -0.258819 0.9659258 0 -0.1305262 0.9914449 0 -0.258819 0.9659258 0 0.258819 -0.9659258 -0 0.1305262 -0.9914449 -0 0.258819 -0.9659258 -0 0.1305262 -0.9914449 -0 0 0 0 -0.5 0.8660254 0 -0.5 0.8660254 0 0.5 -0.8660254 -0 0.5 -0.8660254 -0 0 0 0 -0.7071068 0.7071068 0 -0.7071068 0.7071068 0 0.7071068 -0.7071068 -0 0.7071068 -0.7071068 -0 0 0 0 -0.8660254 0.5 0 -0.8660254 0.5 0 0.8660254 -0.5 -0 0.8660254 -0.5 -0 0 0 0 -0.9659258 0.258819 0 -0.9659258 0.258819 0 0.9659258 -0.258819 -0 0.9659258 -0.258819 -0 0 0 0 -1 0 0 -1 0 0 1 -0 -0 1 -0 -0 0 0 0 -0.9659258 -0.258819 0 -0.9659258 -0.258819 0 0.9659258 0.258819 -0 0.9659258 0.258819 -0 0 0 0 -0.9238795 -0.3826834 0 -0.9238795 -0.3826834 0 0.9238795 0.3826834 -0 0.9238795 0.3826834 -0 0 0 0 -0.8660254 -0.5 0 -0.9238795 -0.3826834 0 -0.9238795 -0.3826834 0 -0.8660254 -0.5 0 0.8660254 0.5 -0 0.8660254 0.5 -0 0.9238795 0.3826834 -0 0.9238795 0.3826834 -0 0 0 0 -0.7071068 -0.7071068 0 -0.7071068 -0.7071068 0 0.7071068 0.7071068 -0 0.7071068 0.7071068 -0 0 0 0 -0.5 -0.8660254 0 -0.5 -0.8660254 0 0.5 0.8660254 -0 0.5 0.8660254 -0 0 0 0 -0.258819 -0.9659258 0 -0.258819 -0.9659258 0 0.258819 0.9659258 -0 0.258819 0.9659258 -0 0 0 0 0 -1 0 0 -1 0 -0 1 -0 -0 1 -0 0 0 0 0.258819 -0.9659258 0 0.258819 -0.9659258 0 -0.258819 0.9659258 -0 -0.258819 0.9659258 -0 0 0 0 0.3826834 -0.9238795 0 0.3826834 -0.9238795 0 -0.3826834 0.9238795 -0 -0.3826834 0.9238795 -0 0 0 0 0.3826834 -0.9238795 0 0.5 -0.8660254 0 0.3826834 -0.9238795 0 0.5 -0.8660254 0 -0.5 0.8660254 -0 -0.3826834 0.9238795 -0 -0.5 0.8660254 -0 -0.3826834 0.9238795 -0 0 0 0 0.7071068 -0.7071068 0 0.7071068 -0.7071068 0 -0.7071068 0.7071068 -0 -0.7071068 0.7071068 -0 0 0 0 0.8660254 -0.5 0 0.8660254 -0.5 0 -0.8660254 0.5 -0 -0.8660254 0.5 -0 0 0 0 0.9659258 -0.258819 0 0.9659258 -0.258819 0 -0.9659258 0.258819 -0 -0.9659258 0.258819 -0 0 0 0 1 -3.844431e-13 0 1 -3.844431e-13 0 -1 3.844431e-13 -0 -1 3.844431e-13 -0 0 0 0 0.9914449 0.1305262 0 0.9914449 0.1305262 0 -0.9914449 -0.1305262 -0 -0.9914449 -0.1305262 -0 0 0 0 0.9914449 0.1305262 0 0.9659258 0.258819 0 0.9659258 0.258819 0 0.9914449 0.1305262 0 -0.9914449 -0.1305262 -0 -0.9914449 -0.1305262 -0 -0.9659258 -0.258819 -0 -0.9659258 -0.258819 -0 0 0 0 0.8660254 0.5 0 0.8660254 0.5 0 -0.8660254 -0.5 -0 -0.8660254 -0.5 -0 0 0 0 0.7071068 0.7071068 0 0.7071068 0.7071068 0 -0.7071068 -0.7071068 -0 -0.7071068 -0.7071068 -0 0 0 0 0.5 0.8660254 0 0.5 0.8660254 0 -0.5 -0.8660254 -0 -0.5 -0.8660254 -0 0 0 0 0.258819 0.9659258 0 0.258819 0.9659258 0 -0.258819 -0.9659258 -0 -0.258819 -0.9659258 -0 0 0 0</float_array>
                    <technique_common>
                        <accessor count="240" source="#ID203" stride="3">
                            <param name="X" type="float" />
                            <param name="Y" type="float" />
                            <param name="Z" type="float" />
                        </accessor>
                    </technique_common>
                </source>
                <source id="ID200">
                    <Name_array id="ID204" count="0" />
                    <technique_common>
                        <accessor count="0" source="#ID204" stride="1">
                            <param name="skp_material" type="Name" />
                        </accessor>
                    </technique_common>
                </source>
                <vertices id="ID201">
                    <input semantic="POSITION" source="#ID198" />
                    <input semantic="NORMAL" source="#ID199" />
                </vertices>
                <triangles count="82" material="Material2">
                    <input offset="0" semantic="VERTEX" source="#ID201" />
                    <p>0 1 2 1 0 3 1 3 4 1 4 5 5 4 6 5 6 7 7 6 8 7 8 9 9 8 10 9 10 11 11 10 12 12 10 13 12 13 14 14 13 15 14 15 16 16 15 17 16 17 18 16 18 19 19 18 20 19 20 21 21 20 22 21 22 23 23 22 24 23 24 25 25 24 26 26 24 27 84 85 86 85 84 87 94 95 96 95 94 97 97 103 95 103 97 104 104 108 103 108 104 109 113 108 109 108 113 114 118 114 113 114 118 119 123 119 118 119 123 124 128 124 123 124 128 129 133 129 128 129 133 134 138 139 140 139 138 141 147 141 138 141 147 148 147 152 148 152 147 153 153 157 152 157 153 158 158 162 157 162 158 163 163 167 162 167 163 168 168 172 167 172 168 173 177 178 179 178 177 180 180 186 178 186 180 187 186 191 192 191 186 187 192 196 197 196 192 191 197 201 202 201 197 196 202 206 207 206 202 201 211 212 213 212 211 214 213 220 221 220 213 212 221 225 226 225 221 220 225 230 226 230 225 231 231 235 230 235 231 236 236 86 235 86 236 84</p>
                </triangles>
                <triangles count="82" material="Material3">
                    <input offset="0" semantic="VERTEX" source="#ID201" />
                    <p>28 29 30 30 29 31 31 29 32 29 33 32 32 33 34 33 35 34 34 35 36 35 37 36 36 37 38 37 39 38 39 40 38 38 40 41 40 42 41 41 42 43 42 44 43 43 44 45 45 44 46 44 47 46 46 47 48 47 49 48 48 49 50 49 51 50 50 51 52 51 53 52 53 54 52 55 52 54 88 89 90 91 90 89 98 99 100 101 100 99 105 98 106 100 106 98 110 105 111 106 111 105 115 116 111 110 111 116 120 121 115 116 115 121 125 126 120 121 120 126 130 131 125 126 125 131 135 136 130 131 130 136 142 143 144 145 144 143 149 150 142 143 142 150 154 150 155 149 155 150 159 154 160 155 160 154 164 159 165 160 165 159 169 164 170 165 170 164 174 169 175 170 175 169 181 182 183 184 183 182 188 181 189 183 189 181 188 189 193 194 193 189 193 194 198 199 198 194 198 199 203 204 203 199 203 204 208 209 208 204 215 216 217 218 217 216 217 218 222 223 222 218 222 223 227 228 227 223 232 227 233 228 233 227 237 232 238 233 238 232 89 237 91 238 91 237</p>
                </triangles>
                <lines count="84" material="Material4">
                    <input offset="0" semantic="VERTEX" source="#ID201" />
                    <p>56 57 58 56 59 58 60 59 61 60 62 61 63 62 64 63 65 64 66 65 67 66 68 67 69 68 70 69 71 70 72 71 73 72 74 73 75 74 76 75 77 76 78 77 79 78 80 79 81 80 82 81 83 82 57 83 92 93 93 57 92 56 102 92 102 58 107 102 107 59 112 107 112 60 117 112 117 61 122 117 122 62 127 122 127 63 132 127 132 64 137 132 137 65 146 137 146 66 151 146 151 67 156 151 156 68 161 156 161 69 166 161 166 70 171 166 171 71 176 171 176 72 185 176 185 73 190 185 190 74 195 190 195 75 200 195 200 76 205 200 205 77 210 205 210 78 219 210 219 79 224 219 224 80 229 224 229 81 234 229 234 82 239 234 239 83 93 239</p>
                </lines>
            </mesh>
        </geometry>
        <geometry id="ID205">
            <mesh>
                <source id="ID206">
                    <float_array id="ID210" count="648">1.181006 0.2945524 3.937008 1.184844 0.3265381 3.937008 1.180819 0.2959689 3.937008 1.184844 0.2653997 3.937008 1.196643 0.2369138 3.937008 1.196643 0.355024 3.937008 1.215413 0.2124524 3.937008 1.215413 0.3794855 3.937008 1.239874 0.1936825 3.937008 1.239874 0.3982554 3.937008 1.26836 0.1818832 3.937008 1.26836 0.4100547 3.937008 1.29893 0.1778587 3.937008 1.29893 0.4140792 3.937008 1.329499 0.1818832 3.937008 1.329499 0.4100547 3.937008 1.357985 0.1936825 3.937008 1.357985 0.3982554 3.937008 1.382446 0.2124524 3.937008 1.382446 0.3794855 3.937008 1.401216 0.2369138 3.937008 1.401216 0.355024 3.937008 1.413015 0.2653997 3.937008 1.412468 0.3278581 3.937008 1.413015 0.3265381 3.937008 1.41704 0.2959689 3.937008 1.41704 0.2959689 3.937008 1.413015 0.2653997 3.937008 1.413015 0.3265381 3.937008 1.412468 0.3278581 3.937008 1.401216 0.355024 3.937008 1.401216 0.2369138 3.937008 1.382446 0.3794855 3.937008 1.382446 0.2124524 3.937008 1.357985 0.3982554 3.937008 1.357985 0.1936825 3.937008 1.329499 0.4100547 3.937008 1.329499 0.1818832 3.937008 1.29893 0.4140792 3.937008 1.29893 0.1778587 3.937008 1.26836 0.4100547 3.937008 1.26836 0.1818832 3.937008 1.239874 0.3982554 3.937008 1.239874 0.1936825 3.937008 1.215413 0.3794855 3.937008 1.215413 0.2124524 3.937008 1.196643 0.355024 3.937008 1.196643 0.2369138 3.937008 1.184844 0.3265381 3.937008 1.184844 0.2653997 3.937008 1.181006 0.2945524 3.937008 1.180819 0.2959689 3.937008 1.181006 0.2945524 3.937008 1.180819 0.2959689 3.937008 1.184844 0.2653997 3.937008 1.196643 0.2369138 3.937008 1.215413 0.2124524 3.937008 1.239874 0.1936825 3.937008 1.26836 0.1818832 3.937008 1.29893 0.1778587 3.937008 1.329499 0.1818832 3.937008 1.357985 0.1936825 3.937008 1.382446 0.2124524 3.937008 1.401216 0.2369138 3.937008 1.413015 0.2653997 3.937008 1.41704 0.2959689 3.937008 1.413015 0.3265381 3.937008 1.412468 0.3278581 3.937008 1.401216 0.355024 3.937008 1.382446 0.3794855 3.937008 1.357985 0.3982554 3.937008 1.329499 0.4100547 3.937008 1.29893 0.4140792 3.937008 1.26836 0.4100547 3.937008 1.239874 0.3982554 3.937008 1.215413 0.3794855 3.937008 1.196643 0.355024 3.937008 1.184844 0.3265381 3.937008 1.180819 0.2959689 3.543307 1.181006 0.2945524 3.937008 1.181006 0.2945524 3.543307 1.180819 0.2959689 3.937008 1.180819 0.2959689 3.937008 1.180819 0.2959689 3.543307 1.181006 0.2945524 3.937008 1.181006 0.2945524 3.543307 1.181006 0.2945524 3.543307 1.180819 0.2959689 3.543307 1.181006 0.2945524 3.543307 1.184844 0.2653997 3.937008 1.184844 0.2653997 3.543307 1.181006 0.2945524 3.937008 1.181006 0.2945524 3.937008 1.181006 0.2945524 3.543307 1.184844 0.2653997 3.937008 1.184844 0.2653997 3.543307 1.184844 0.2653997 3.543307 1.196643 0.2369138 3.937008 1.196643 0.2369138 3.543307 1.196643 0.2369138 3.937008 1.196643 0.2369138 3.543307 1.196643 0.2369138 3.543307 1.215413 0.2124524 3.937008 1.215413 0.2124524 3.543307 1.215413 0.2124524 3.937008 1.215413 0.2124524 3.543307 1.215413 0.2124524 3.543307 1.239874 0.1936825 3.543307 1.239874 0.1936825 3.937008 1.239874 0.1936825 3.937008 1.239874 0.1936825 3.543307 1.239874 0.1936825 3.543307 1.26836 0.1818832 3.543307 1.26836 0.1818832 3.937008 1.26836 0.1818832 3.937008 1.26836 0.1818832 3.543307 1.26836 0.1818832 3.543307 1.29893 0.1778587 3.543307 1.29893 0.1778587 3.937008 1.29893 0.1778587 3.937008 1.29893 0.1778587 3.543307 1.29893 0.1778587 3.543307 1.329499 0.1818832 3.543307 1.329499 0.1818832 3.937008 1.329499 0.1818832 3.937008 1.329499 0.1818832 3.543307 1.329499 0.1818832 3.543307 1.357985 0.1936825 3.543307 1.357985 0.1936825 3.937008 1.357985 0.1936825 3.937008 1.357985 0.1936825 3.543307 1.357985 0.1936825 3.543307 1.382446 0.2124524 3.543307 1.382446 0.2124524 3.937008 1.382446 0.2124524 3.937008 1.382446 0.2124524 3.543307 1.382446 0.2124524 3.543307 1.401216 0.2369138 3.937008 1.401216 0.2369138 3.543307 1.401216 0.2369138 3.543307 1.401216 0.2369138 3.937008 1.401216 0.2369138 3.543307 1.413015 0.2653997 3.937008 1.413015 0.2653997 3.543307 1.413015 0.2653997 3.543307 1.413015 0.2653997 3.937008 1.413015 0.2653997 3.543307 1.41704 0.2959689 3.937008 1.41704 0.2959689 3.543307 1.41704 0.2959689 3.543307 1.41704 0.2959689 3.937008 1.41704 0.2959689 3.543307 1.413015 0.3265381 3.937008 1.413015 0.3265381 3.543307 1.413015 0.3265381 3.543307 1.413015 0.3265381 3.937008 1.413015 0.3265381 3.543307 1.412468 0.3278581 3.937008 1.412468 0.3278581 3.543307 1.412468 0.3278581 3.543307 1.412468 0.3278581 3.937008 1.412468 0.3278581 3.543307 1.401216 0.355024 3.937008 1.412468 0.3278581 3.543307 1.412468 0.3278581 3.937008 1.401216 0.355024 3.543307 1.401216 0.355024 3.543307 1.401216 0.355024 3.937008 1.412468 0.3278581 3.543307 1.412468 0.3278581 3.937008 1.401216 0.355024 3.543307 1.382446 0.3794855 3.937008 1.382446 0.3794855 3.543307 1.382446 0.3794855 3.543307 1.382446 0.3794855 3.937008 1.382446 0.3794855 3.543307 1.357985 0.3982554 3.543307 1.357985 0.3982554 3.937008 1.357985 0.3982554 3.937008 1.357985 0.3982554 3.543307 1.357985 0.3982554 3.543307 1.329499 0.4100547 3.543307 1.329499 0.4100547 3.937008 1.329499 0.4100547 3.937008 1.329499 0.4100547 3.543307 1.329499 0.4100547 3.543307 1.29893 0.4140792 3.543307 1.29893 0.4140792 3.937008 1.29893 0.4140792 3.937008 1.29893 0.4140792 3.543307 1.29893 0.4140792 3.543307 1.26836 0.4100547 3.543307 1.26836 0.4100547 3.937008 1.26836 0.4100547 3.937008 1.26836 0.4100547 3.543307 1.26836 0.4100547 3.543307 1.239874 0.3982554 3.543307 1.239874 0.3982554 3.937008 1.239874 0.3982554 3.937008 1.239874 0.3982554 3.543307 1.239874 0.3982554 3.543307 1.215413 0.3794855 3.543307 1.215413 0.3794855 3.937008 1.215413 0.3794855 3.937008 1.215413 0.3794855 3.543307 1.215413 0.3794855 3.543307 1.196643 0.355024 3.937008 1.196643 0.355024 3.543307 1.196643 0.355024 3.937008 1.196643 0.355024 3.543307 1.196643 0.355024 3.543307 1.184844 0.3265381 3.937008 1.184844 0.3265381 3.543307 1.184844 0.3265381 3.937008 1.184844 0.3265381 3.543307 1.184844 0.3265381 3.543307</float_array>
                    <technique_common>
                        <accessor count="216" source="#ID210" stride="3">
                            <param name="X" type="float" />
                            <param name="Y" type="float" />
                            <param name="Z" type="float" />
                        </accessor>
                    </technique_common>
                </source>
                <source id="ID207">
                    <float_array id="ID211" count="648">0 0 1 0 0 1 0 0 1 0 0 1 0 0 1 0 0 1 0 0 1 0 0 1 0 0 1 0 0 1 0 0 1 0 0 1 0 0 1 0 0 1 0 0 1 0 0 1 0 0 1 0 0 1 0 0 1 0 0 1 0 0 1 0 0 1 0 0 1 0 0 1 0 0 1 0 0 1 -0 -0 -1 -0 -0 -1 -0 -0 -1 -0 -0 -1 -0 -0 -1 -0 -0 -1 -0 -0 -1 -0 -0 -1 -0 -0 -1 -0 -0 -1 -0 -0 -1 -0 -0 -1 -0 -0 -1 -0 -0 -1 -0 -0 -1 -0 -0 -1 -0 -0 -1 -0 -0 -1 -0 -0 -1 -0 -0 -1 -0 -0 -1 -0 -0 -1 -0 -0 -1 -0 -0 -1 -0 -0 -1 -0 -0 -1 0 0 0 0 0 0 0 0 0 0 0 0 0 0 0 0 0 0 0 0 0 0 0 0 0 0 0 0 0 0 0 0 0 0 0 0 0 0 0 0 0 0 0 0 0 0 0 0 0 0 0 0 0 0 0 0 0 0 0 0 0 0 0 0 0 0 0 0 0 0 0 0 0 0 0 0 0 0 1 -3.844431e-13 0 0.9914449 0.1305262 0 0.9914449 0.1305262 0 1 -3.844431e-13 0 -1 3.844431e-13 -0 -1 3.844431e-13 -0 -0.9914449 -0.1305262 -0 -0.9914449 -0.1305262 -0 0 0 0 0 0 0 0.9914449 0.1305262 0 0.9659258 0.258819 0 0.9659258 0.258819 0 0.9914449 0.1305262 0 -0.9914449 -0.1305262 -0 -0.9914449 -0.1305262 -0 -0.9659258 -0.258819 -0 -0.9659258 -0.258819 -0 0 0 0 0.8660254 0.5 0 0.8660254 0.5 0 -0.8660254 -0.5 -0 -0.8660254 -0.5 -0 0 0 0 0.7071068 0.7071068 0 0.7071068 0.7071068 0 -0.7071068 -0.7071068 -0 -0.7071068 -0.7071068 -0 0 0 0 0.5 0.8660254 0 0.5 0.8660254 0 -0.5 -0.8660254 -0 -0.5 -0.8660254 -0 0 0 0 0.258819 0.9659258 0 0.258819 0.9659258 0 -0.258819 -0.9659258 -0 -0.258819 -0.9659258 -0 0 0 0 0 1 0 0 1 0 -0 -1 -0 -0 -1 -0 0 0 0 -0.258819 0.9659258 0 -0.258819 0.9659258 0 0.258819 -0.9659258 -0 0.258819 -0.9659258 -0 0 0 0 -0.5 0.8660254 0 -0.5 0.8660254 0 0.5 -0.8660254 -0 0.5 -0.8660254 -0 0 0 0 -0.7071068 0.7071068 0 -0.7071068 0.7071068 0 0.7071068 -0.7071068 -0 0.7071068 -0.7071068 -0 0 0 0 -0.8660254 0.5 0 -0.8660254 0.5 0 0.8660254 -0.5 -0 0.8660254 -0.5 -0 0 0 0 -0.9659258 0.258819 0 -0.9659258 0.258819 0 0.9659258 -0.258819 -0 0.9659258 -0.258819 -0 0 0 0 -1 0 0 -1 0 0 1 -0 -0 1 -0 -0 0 0 0 -0.9659258 -0.258819 0 -0.9659258 -0.258819 0 0.9659258 0.258819 -0 0.9659258 0.258819 -0 0 0 0 -0.9238795 -0.3826834 0 -0.9238795 -0.3826834 0 0.9238795 0.3826834 -0 0.9238795 0.3826834 -0 0 0 0 -0.8660254 -0.5 0 -0.9238795 -0.3826834 0 -0.9238795 -0.3826834 0 -0.8660254 -0.5 0 0.8660254 0.5 -0 0.8660254 0.5 -0 0.9238795 0.3826834 -0 0.9238795 0.3826834 -0 0 0 0 -0.7071068 -0.7071068 0 -0.7071068 -0.7071068 0 0.7071068 0.7071068 -0 0.7071068 0.7071068 -0 0 0 0 -0.5 -0.8660254 0 -0.5 -0.8660254 0 0.5 0.8660254 -0 0.5 0.8660254 -0 0 0 0 -0.258819 -0.9659258 0 -0.258819 -0.9659258 0 0.258819 0.9659258 -0 0.258819 0.9659258 -0 0 0 0 0 -1 0 0 -1 0 -0 1 -0 -0 1 -0 0 0 0 0.258819 -0.9659258 0 0.258819 -0.9659258 0 -0.258819 0.9659258 -0 -0.258819 0.9659258 -0 0 0 0 0.5 -0.8660254 0 0.5 -0.8660254 0 -0.5 0.8660254 -0 -0.5 0.8660254 -0 0 0 0 0.7071068 -0.7071068 0 0.7071068 -0.7071068 0 -0.7071068 0.7071068 -0 -0.7071068 0.7071068 -0 0 0 0 0.8660254 -0.5 0 0.8660254 -0.5 0 -0.8660254 0.5 -0 -0.8660254 0.5 -0 0 0 0 0.9659258 -0.258819 0 0.9659258 -0.258819 0 -0.9659258 0.258819 -0 -0.9659258 0.258819 -0 0 0 0</float_array>
                    <technique_common>
                        <accessor count="216" source="#ID211" stride="3">
                            <param name="X" type="float" />
                            <param name="Y" type="float" />
                            <param name="Z" type="float" />
                        </accessor>
                    </technique_common>
                </source>
                <source id="ID208">
                    <Name_array id="ID212" count="0" />
                    <technique_common>
                        <accessor count="0" source="#ID212" stride="1">
                            <param name="skp_material" type="Name" />
                        </accessor>
                    </technique_common>
                </source>
                <vertices id="ID209">
                    <input semantic="POSITION" source="#ID206" />
                    <input semantic="NORMAL" source="#ID207" />
                </vertices>
                <triangles count="76" material="Material2">
                    <input offset="0" semantic="VERTEX" source="#ID209" />
                    <p>0 1 2 1 0 3 1 3 4 1 4 5 5 4 6 5 6 7 7 6 8 7 8 9 9 8 10 9 10 11 11 10 12 11 12 13 13 12 14 13 14 15 15 14 16 15 16 17 17 16 18 17 18 19 19 18 20 19 20 21 21 20 22 21 22 23 23 22 24 24 22 25 78 79 80 79 78 81 88 89 90 89 88 91 90 97 98 97 90 89 98 102 103 102 98 97 102 107 103 107 102 108 108 112 107 112 108 113 113 117 112 117 113 118 118 122 117 122 118 123 123 127 122 127 123 128 128 132 127 132 128 133 137 132 133 132 137 138 142 138 137 138 142 143 147 143 142 143 147 148 152 148 147 148 152 153 157 153 152 153 157 158 162 163 164 163 162 165 171 165 162 165 171 172 171 176 172 176 171 177 177 181 176 181 177 182 182 186 181 186 182 187 187 191 186 191 187 192 192 196 191 196 192 197 197 201 196 201 197 202 201 206 207 206 201 202 207 211 212 211 207 206 212 81 78 81 212 211</p>
                </triangles>
                <triangles count="76" material="Material3">
                    <input offset="0" semantic="VERTEX" source="#ID209" />
                    <p>26 27 28 28 27 29 29 27 30 27 31 30 30 31 32 31 33 32 32 33 34 33 35 34 34 35 36 35 37 36 36 37 38 37 39 38 38 39 40 39 41 40 40 41 42 41 43 42 42 43 44 43 45 44 44 45 46 45 47 46 46 47 48 47 49 48 49 50 48 51 48 50 82 83 84 85 84 83 92 93 94 95 94 93 94 95 99 100 99 95 99 100 104 105 104 100 109 104 110 105 110 104 114 109 115 110 115 109 119 114 120 115 120 114 124 119 125 120 125 119 129 124 130 125 130 124 134 129 135 130 135 129 139 140 135 134 135 140 144 145 139 140 139 145 149 150 144 145 144 150 154 155 149 150 149 155 159 160 154 155 154 160 166 167 168 169 168 167 173 174 166 167 166 174 178 174 179 173 179 174 183 178 184 179 184 178 188 183 189 184 189 183 193 188 194 189 194 188 198 193 199 194 199 193 203 198 204 199 204 198 203 204 208 209 208 204 208 209 213 214 213 209 213 214 82 83 82 214</p>
                </triangles>
                <lines count="78" material="Material4">
                    <input offset="0" semantic="VERTEX" source="#ID209" />
                    <p>52 53 54 52 55 54 56 55 57 56 58 57 59 58 60 59 61 60 62 61 63 62 64 63 65 64 66 65 67 66 68 67 69 68 70 69 71 70 72 71 73 72 74 73 75 74 76 75 77 76 53 77 86 87 87 53 86 52 96 86 96 54 101 96 101 55 106 101 106 56 111 106 111 57 116 111 116 58 121 116 121 59 126 121 126 60 131 126 131 61 136 131 136 62 141 136 141 63 146 141 146 64 151 146 151 65 156 151 156 66 161 156 161 67 170 161 170 68 175 170 175 69 180 175 180 70 185 180 185 71 190 185 190 72 195 190 195 73 200 195 200 74 205 200 205 75 210 205 210 76 215 210 215 77 87 215</p>
                </lines>
            </mesh>
        </geometry>
        <geometry id="ID213">
            <mesh>
                <source id="ID214">
                    <float_array id="ID218" count="720">1.759148 1.102721 3.937008 1.721038 0.9533408 3.543307 1.721038 0.9533408 3.937008 1.759148 1.102721 3.543307 1.759148 1.102721 3.543307 1.759148 1.102721 3.937008 1.721038 0.9533408 3.543307 1.721038 0.9533408 3.937008 1.759148 1.102721 3.543307 1.721038 0.9533408 3.543307 1.721038 0.9533408 3.937008 1.759148 1.102721 3.937008 0.6244918 1.39219 3.543307 0.5882343 1.088656 3.543307 0.5863826 1.242809 3.543307 0.6299209 0.9402338 3.543307 0.699965 1.526616 3.543307 0.7086014 0.8076587 3.543307 0.8076587 1.636929 3.543307 0.8189139 0.699965 3.543307 0.9402338 1.715609 3.543307 0.9533408 0.6244918 3.543307 1.088656 1.757296 3.543307 1.102721 0.5863826 3.543307 1.242809 1.759148 3.543307 1.256875 0.5882343 3.543307 1.39219 1.721038 3.543307 1.405296 0.6299209 3.543307 1.526616 1.645565 3.543307 1.537872 0.7086014 3.543307 1.636929 1.537872 3.543307 1.645565 0.8189139 3.543307 1.715609 1.405296 3.543307 1.721038 0.9533408 3.543307 1.757296 1.256875 3.543307 1.759148 1.102721 3.543307 1.759148 1.102721 3.543307 1.757296 1.256875 3.543307 1.721038 0.9533408 3.543307 1.715609 1.405296 3.543307 1.645565 0.8189139 3.543307 1.636929 1.537872 3.543307 1.537872 0.7086014 3.543307 1.526616 1.645565 3.543307 1.405296 0.6299209 3.543307 1.39219 1.721038 3.543307 1.256875 0.5882343 3.543307 1.242809 1.759148 3.543307 1.102721 0.5863826 3.543307 1.088656 1.757296 3.543307 0.9533408 0.6244918 3.543307 0.9402338 1.715609 3.543307 0.8189139 0.699965 3.543307 0.8076587 1.636929 3.543307 0.7086014 0.8076587 3.543307 0.699965 1.526616 3.543307 0.6299209 0.9402338 3.543307 0.6244918 1.39219 3.543307 0.5882343 1.088656 3.543307 0.5863826 1.242809 3.543307 1.645565 0.8189139 3.543307 1.537872 0.7086014 3.543307 1.405296 0.6299209 3.543307 1.256875 0.5882343 3.543307 1.102721 0.5863826 3.543307 0.9533408 0.6244918 3.543307 0.8189139 0.699965 3.543307 0.7086014 0.8076587 3.543307 0.6299209 0.9402338 3.543307 0.5882343 1.088656 3.543307 0.5863826 1.242809 3.543307 0.6244918 1.39219 3.543307 0.699965 1.526616 3.543307 0.8076587 1.636929 3.543307 0.9402338 1.715609 3.543307 1.088656 1.757296 3.543307 1.242809 1.759148 3.543307 1.39219 1.721038 3.543307 1.526616 1.645565 3.543307 1.636929 1.537872 3.543307 1.715609 1.405296 3.543307 1.757296 1.256875 3.543307 1.645565 0.8189139 3.543307 1.645565 0.8189139 3.937008 1.645565 0.8189139 3.543307 1.645565 0.8189139 3.937008 1.645565 0.8189139 3.937008 0.5882343 1.088656 3.937008 0.6244918 1.39219 3.937008 0.5863826 1.242809 3.937008 0.6299209 0.9402338 3.937008 0.699965 1.526616 3.937008 0.7086014 0.8076587 3.937008 0.8076587 1.636929 3.937008 0.8189139 0.699965 3.937008 0.9402338 1.715609 3.937008 0.9533408 0.6244918 3.937008 1.088656 1.757296 3.937008 1.102721 0.5863826 3.937008 1.242809 1.759148 3.937008 1.256875 0.5882343 3.937008 1.39219 1.721038 3.937008 1.405296 0.6299209 3.937008 1.526616 1.645565 3.937008 1.537872 0.7086014 3.937008 1.636929 1.537872 3.937008 1.645565 0.8189139 3.937008 1.715609 1.405296 3.937008 1.721038 0.9533408 3.937008 1.757296 1.256875 3.937008 1.759148 1.102721 3.937008 1.759148 1.102721 3.937008 1.721038 0.9533408 3.937008 1.757296 1.256875 3.937008 1.715609 1.405296 3.937008 1.645565 0.8189139 3.937008 1.636929 1.537872 3.937008 1.537872 0.7086014 3.937008 1.526616 1.645565 3.937008 1.405296 0.6299209 3.937008 1.39219 1.721038 3.937008 1.256875 0.5882343 3.937008 1.242809 1.759148 3.937008 1.102721 0.5863826 3.937008 1.088656 1.757296 3.937008 0.9533408 0.6244918 3.937008 0.9402338 1.715609 3.937008 0.8189139 0.699965 3.937008 0.8076587 1.636929 3.937008 0.7086014 0.8076587 3.937008 0.699965 1.526616 3.937008 0.6299209 0.9402338 3.937008 0.6244918 1.39219 3.937008 0.5882343 1.088656 3.937008 0.5863826 1.242809 3.937008 1.757296 1.256875 3.937008 1.715609 1.405296 3.937008 1.636929 1.537872 3.937008 1.526616 1.645565 3.937008 1.39219 1.721038 3.937008 1.242809 1.759148 3.937008 1.088656 1.757296 3.937008 0.9402338 1.715609 3.937008 0.8076587 1.636929 3.937008 0.699965 1.526616 3.937008 0.6244918 1.39219 3.937008 0.5863826 1.242809 3.937008 0.5882343 1.088656 3.937008 0.6299209 0.9402338 3.937008 0.7086014 0.8076587 3.937008 0.8189139 0.699965 3.937008 0.9533408 0.6244918 3.937008 1.102721 0.5863826 3.937008 1.256875 0.5882343 3.937008 1.405296 0.6299209 3.937008 1.537872 0.7086014 3.937008 1.757296 1.256875 3.937008 1.757296 1.256875 3.543307 1.757296 1.256875 3.543307 1.757296 1.256875 3.937008 1.537872 0.7086014 3.543307 1.537872 0.7086014 3.937008 1.537872 0.7086014 3.543307 1.537872 0.7086014 3.937008 1.405296 0.6299209 3.937008 1.405296 0.6299209 3.543307 1.405296 0.6299209 3.937008 1.405296 0.6299209 3.543307 1.256875 0.5882343 3.937008 1.256875 0.5882343 3.543307 1.256875 0.5882343 3.937008 1.256875 0.5882343 3.543307 1.102721 0.5863826 3.937008 1.102721 0.5863826 3.543307 1.102721 0.5863826 3.937008 1.102721 0.5863826 3.543307 0.9533408 0.6244918 3.937008 0.9533408 0.6244918 3.543307 0.9533408 0.6244918 3.937008 0.9533408 0.6244918 3.543307 0.8189139 0.699965 3.937008 0.8189139 0.699965 3.543307 0.8189139 0.699965 3.937008 0.8189139 0.699965 3.543307 0.7086014 0.8076587 3.937008 0.7086014 0.8076587 3.543307 0.7086014 0.8076587 3.937008 0.7086014 0.8076587 3.543307 0.6299209 0.9402338 3.543307 0.6299209 0.9402338 3.937008 0.6299209 0.9402338 3.937008 0.6299209 0.9402338 3.543307 0.5882343 1.088656 3.543307 0.5882343 1.088656 3.937008 0.5882343 1.088656 3.937008 0.5882343 1.088656 3.543307 0.5863826 1.242809 3.543307 0.5863826 1.242809 3.937008 0.5863826 1.242809 3.937008 0.5863826 1.242809 3.543307 0.6244918 1.39219 3.543307 0.6244918 1.39219 3.937008 0.6244918 1.39219 3.937008 0.6244918 1.39219 3.543307 0.699965 1.526616 3.543307 0.699965 1.526616 3.937008 0.699965 1.526616 3.937008 0.699965 1.526616 3.543307 0.8076587 1.636929 3.543307 0.8076587 1.636929 3.937008 0.8076587 1.636929 3.937008 0.8076587 1.636929 3.543307 0.9402338 1.715609 3.937008 0.9402338 1.715609 3.543307 0.9402338 1.715609 3.937008 0.9402338 1.715609 3.543307 1.088656 1.757296 3.937008 1.088656 1.757296 3.543307 1.088656 1.757296 3.937008 1.088656 1.757296 3.543307 1.242809 1.759148 3.937008 1.242809 1.759148 3.543307 1.242809 1.759148 3.937008 1.242809 1.759148 3.543307 1.39219 1.721038 3.937008 1.39219 1.721038 3.543307 1.39219 1.721038 3.937008 1.39219 1.721038 3.543307 1.526616 1.645565 3.937008 1.526616 1.645565 3.543307 1.526616 1.645565 3.937008 1.526616 1.645565 3.543307 1.636929 1.537872 3.937008 1.636929 1.537872 3.543307 1.636929 1.537872 3.937008 1.636929 1.537872 3.543307 1.715609 1.405296 3.543307 1.715609 1.405296 3.937008 1.715609 1.405296 3.543307 1.715609 1.405296 3.937008</float_array>
                    <technique_common>
                        <accessor count="240" source="#ID218" stride="3">
                            <param name="X" type="float" />
                            <param name="Y" type="float" />
                            <param name="Z" type="float" />
                        </accessor>
                    </technique_common>
                </source>
                <source id="ID215">
                    <float_array id="ID219" count="720">-0.9929412 0.118608 0 -0.9284095 0.3715586 0 -0.9284095 0.3715586 0 -0.9929412 0.118608 0 0.9929412 -0.118608 -0 0.9929412 -0.118608 -0 0.9284095 -0.3715586 -0 0.9284095 -0.3715586 -0 0 0 0 0 0 0 0 0 0 0 0 0 0 0 -1 0 0 -1 0 0 -1 0 0 -1 0 0 -1 0 0 -1 0 0 -1 0 0 -1 0 0 -1 0 0 -1 0 0 -1 0 0 -1 0 0 -1 0 0 -1 0 0 -1 0 0 -1 0 0 -1 0 0 -1 0 0 -1 0 0 -1 0 0 -1 0 0 -1 0 0 -1 0 0 -1 -0 -0 1 -0 -0 1 -0 -0 1 -0 -0 1 -0 -0 1 -0 -0 1 -0 -0 1 -0 -0 1 -0 -0 1 -0 -0 1 -0 -0 1 -0 -0 1 -0 -0 1 -0 -0 1 -0 -0 1 -0 -0 1 -0 -0 1 -0 -0 1 -0 -0 1 -0 -0 1 -0 -0 1 -0 -0 1 -0 -0 1 -0 -0 1 0 0 0 0 0 0 0 0 0 0 0 0 0 0 0 0 0 0 0 0 0 0 0 0 0 0 0 0 0 0 0 0 0 0 0 0 0 0 0 0 0 0 0 0 0 0 0 0 0 0 0 0 0 0 0 0 0 0 0 0 0 0 0 0 0 0 -0.8006083 0.5991881 0 -0.8006083 0.5991881 0 0.8006083 -0.5991881 -0 0.8006083 -0.5991881 -0 0 0 0 0 0 1 0 0 1 0 0 1 0 0 1 0 0 1 0 0 1 0 0 1 0 0 1 0 0 1 0 0 1 0 0 1 0 0 1 0 0 1 0 0 1 0 0 1 0 0 1 0 0 1 0 0 1 0 0 1 0 0 1 0 0 1 0 0 1 0 0 1 0 0 1 -0 -0 -1 -0 -0 -1 -0 -0 -1 -0 -0 -1 -0 -0 -1 -0 -0 -1 -0 -0 -1 -0 -0 -1 -0 -0 -1 -0 -0 -1 -0 -0 -1 -0 -0 -1 -0 -0 -1 -0 -0 -1 -0 -0 -1 -0 -0 -1 -0 -0 -1 -0 -0 -1 -0 -0 -1 -0 -0 -1 -0 -0 -1 -0 -0 -1 -0 -0 -1 -0 -0 -1 0 0 0 0 0 0 0 0 0 0 0 0 0 0 0 0 0 0 0 0 0 0 0 0 0 0 0 0 0 0 0 0 0 0 0 0 0 0 0 0 0 0 0 0 0 0 0 0 0 0 0 0 0 0 0 0 0 0 0 0 0 0 0 -0.9898055 -0.1424256 0 -0.9898055 -0.1424256 0 0.9898055 0.1424256 -0 0.9898055 0.1424256 -0 -0.6182469 0.7859839 0 -0.6182469 0.7859839 0 0.6182469 -0.7859839 -0 0.6182469 -0.7859839 -0 -0.393753 0.9192163 0 -0.393753 0.9192163 0 0.393753 -0.9192163 -0 0.393753 -0.9192163 -0 -0.1424256 0.9898055 0 -0.1424256 0.9898055 0 0.1424256 -0.9898055 -0 0.1424256 -0.9898055 -0 0.118608 0.9929412 0 0.118608 0.9929412 0 -0.118608 -0.9929412 -0 -0.118608 -0.9929412 -0 0.3715586 0.9284095 0 0.3715586 0.9284095 0 -0.3715586 -0.9284095 -0 -0.3715586 -0.9284095 -0 0.5991881 0.8006083 0 0.5991881 0.8006083 0 -0.5991881 -0.8006083 -0 -0.5991881 -0.8006083 -0 0.7859839 0.6182469 0 0.7859839 0.6182469 0 -0.7859839 -0.6182469 -0 -0.7859839 -0.6182469 -0 0.9192163 0.393753 0 0.9192163 0.393753 0 -0.9192163 -0.393753 -0 -0.9192163 -0.393753 -0 0.9898055 0.1424256 0 0.9898055 0.1424256 0 -0.9898055 -0.1424256 -0 -0.9898055 -0.1424256 -0 0.9929412 -0.118608 0 0.9929412 -0.118608 0 -0.9929412 0.118608 -0 -0.9929412 0.118608 -0 0.9284095 -0.3715586 0 0.9284095 -0.3715586 0 -0.9284095 0.3715586 -0 -0.9284095 0.3715586 -0 0.8006083 -0.5991881 0 0.8006083 -0.5991881 0 -0.8006083 0.5991881 -0 -0.8006083 0.5991881 -0 0.6182469 -0.7859839 0 0.6182469 -0.7859839 0 -0.6182469 0.7859839 -0 -0.6182469 0.7859839 -0 0.393753 -0.9192163 0 0.393753 -0.9192163 0 -0.393753 0.9192163 -0 -0.393753 0.9192163 -0 0.1424256 -0.9898055 0 0.1424256 -0.9898055 0 -0.1424256 0.9898055 -0 -0.1424256 0.9898055 -0 -0.118608 -0.9929412 0 -0.118608 -0.9929412 0 0.118608 0.9929412 -0 0.118608 0.9929412 -0 -0.3715586 -0.9284095 0 -0.3715586 -0.9284095 0 0.3715586 0.9284095 -0 0.3715586 0.9284095 -0 -0.5991881 -0.8006083 0 -0.5991881 -0.8006083 0 0.5991881 0.8006083 -0 0.5991881 0.8006083 -0 -0.7859839 -0.6182469 0 -0.7859839 -0.6182469 0 0.7859839 0.6182469 -0 0.7859839 0.6182469 -0 -0.9192163 -0.393753 0 -0.9192163 -0.393753 0 0.9192163 0.393753 -0 0.9192163 0.393753 -0</float_array>
                    <technique_common>
                        <accessor count="240" source="#ID219" stride="3">
                            <param name="X" type="float" />
                            <param name="Y" type="float" />
                            <param name="Z" type="float" />
                        </accessor>
                    </technique_common>
                </source>
                <source id="ID216">
                    <Name_array id="ID220" count="0" />
                    <technique_common>
                        <accessor count="0" source="#ID220" stride="1">
                            <param name="skp_material" type="Name" />
                        </accessor>
                    </technique_common>
                </source>
                <vertices id="ID217">
                    <input semantic="POSITION" source="#ID214" />
                    <input semantic="NORMAL" source="#ID215" />
                </vertices>
                <triangles count="92" material="Material2">
                    <input offset="0" semantic="VERTEX" source="#ID217" />
                    <p>0 1 2 1 0 3 12 13 14 13 12 15 15 12 16 15 16 17 17 16 18 17 18 19 19 18 20 19 20 21 21 20 22 21 22 23 23 22 24 23 24 25 25 24 26 25 26 27 27 26 28 27 28 29 29 28 30 29 30 31 31 30 32 31 32 33 33 32 34 33 34 35 2 82 83 82 2 1 87 88 89 88 87 90 88 90 91 91 90 92 91 92 93 93 92 94 93 94 95 95 94 96 95 96 97 97 96 98 97 98 99 99 98 100 99 100 101 101 100 102 101 102 103 103 102 104 103 104 105 105 104 106 105 106 107 107 106 108 107 108 109 109 108 110 156 3 0 3 156 157 83 160 161 160 83 82 164 160 165 160 164 161 168 165 169 165 168 164 172 169 173 169 172 168 176 173 177 173 176 172 180 177 181 177 180 176 184 181 185 181 184 180 188 184 185 184 188 189 192 189 188 189 192 193 196 193 192 193 196 197 200 197 196 197 200 201 204 201 200 201 204 205 208 205 204 205 208 209 212 208 213 208 212 209 216 213 217 213 216 212 220 217 221 217 220 216 224 221 225 221 224 220 228 225 229 225 228 224 232 229 233 229 232 228 232 236 237 236 232 233 237 157 156 157 237 236</p>
                </triangles>
                <triangles count="92" material="Material3">
                    <input offset="0" semantic="VERTEX" source="#ID217" />
                    <p>4 5 6 7 6 5 36 37 38 37 39 38 38 39 40 39 41 40 40 41 42 41 43 42 42 43 44 43 45 44 44 45 46 45 47 46 46 47 48 47 49 48 48 49 50 49 51 50 50 51 52 51 53 52 52 53 54 53 55 54 54 55 56 55 57 56 56 57 58 59 58 57 6 7 84 85 84 7 111 112 113 113 112 114 112 115 114 114 115 116 115 117 116 116 117 118 117 119 118 118 119 120 119 121 120 120 121 122 121 123 122 122 123 124 123 125 124 124 125 126 125 127 126 126 127 128 127 129 128 128 129 130 129 131 130 130 131 132 131 133 132 134 132 133 158 159 4 5 4 159 84 85 162 163 162 85 163 166 162 167 162 166 166 170 167 171 167 170 170 174 171 175 171 174 174 178 175 179 175 178 178 182 179 183 179 182 182 186 183 187 183 186 190 191 186 187 186 191 194 195 190 191 190 195 198 199 194 195 194 199 202 203 198 199 198 203 206 207 202 203 202 207 210 211 206 207 206 211 210 214 211 215 211 214 214 218 215 219 215 218 218 222 219 223 219 222 222 226 223 227 223 226 226 230 227 231 227 230 230 234 231 235 231 234 235 234 238 239 238 234 238 239 158 159 158 239</p>
                </triangles>
                <lines count="72" material="Material4">
                    <input offset="0" semantic="VERTEX" source="#ID217" />
                    <p>8 9 9 10 10 11 8 11 60 61 61 62 62 63 63 64 64 65 65 66 66 67 67 68 68 69 69 70 70 71 71 72 72 73 73 74 74 75 75 76 76 77 77 78 78 79 79 80 80 81 81 8 9 60 60 86 86 10 11 135 135 136 136 137 137 138 138 139 139 140 140 141 141 142 142 143 143 144 144 145 145 146 146 147 147 148 148 149 149 150 150 151 151 152 152 153 153 154 154 155 155 86 81 135 61 155 62 154 63 153 64 152 65 151 66 150 67 149 68 148 69 147 70 146 71 145 72 144 73 143 74 142 75 141 76 140 77 139 78 138 79 137 80 136</p>
                </lines>
            </mesh>
        </geometry>
        <geometry id="ID221">
            <mesh>
                <source id="ID222">
                    <float_array id="ID226" count="1440">1.902978 0.2444377 3.937008 1.931638 1.297513 3.937008 1.931451 1.29893 3.937008 1.935476 1.26836 3.937008 2.118365 0.4650627 3.937008 1.947275 1.239874 3.937008 1.966045 1.215413 3.937008 1.990506 1.196643 3.937008 2.018992 1.184844 3.937008 2.049561 1.180819 3.937008 2.050978 1.181006 3.937008 2.080131 1.184844 3.937008 2.108616 1.196643 3.937008 2.133078 1.215413 3.937008 2.269312 0.7339164 3.937008 2.151848 1.239874 3.937008 2.163647 1.26836 3.937008 2.167672 1.29893 3.937008 2.258454 1.637828 3.937008 2.341827 1.340984 3.937008 2.34553 1.032677 3.937008 0.4650627 0.2271648 3.937008 0.5882343 1.088656 3.937008 0.5863826 1.242809 3.937008 0.7339164 0.07621849 3.937008 0.6299209 0.9402338 3.937008 0.7086014 0.8076587 3.937008 0.8189139 0.699965 3.937008 1.032677 0 3.937008 0.9533408 0.6244918 3.937008 1.102721 0.5863826 3.937008 1.184844 0.2653997 3.937008 1.196643 0.2369138 3.937008 1.340984 0.003703514 3.937008 1.181006 0.2945524 3.937008 1.180819 0.2959689 3.937008 1.215413 0.2124524 3.937008 1.239874 0.1936825 3.937008 1.26836 0.1818832 3.937008 1.29893 0.1778587 3.937008 1.329499 0.1818832 3.937008 1.357985 0.1936825 3.937008 1.637828 0.08707665 3.937008 1.382446 0.2124524 3.937008 1.401216 0.2369138 3.937008 1.413015 0.2653997 3.937008 1.41704 0.2959689 3.937008 1.537872 0.7086014 3.937008 1.645565 0.8189139 3.937008 1.721038 0.9533408 3.937008 1.759148 1.102721 3.937008 1.880468 2.118365 3.937008 1.935476 1.329499 3.937008 2.101093 1.902978 3.937008 1.947275 1.357985 3.937008 1.966045 1.382446 3.937008 1.990506 1.401216 3.937008 2.017672 1.412468 3.937008 2.018992 1.413015 3.937008 2.049561 1.41704 3.937008 2.080131 1.413015 3.937008 2.108616 1.401216 3.937008 2.133078 1.382446 3.937008 2.151848 1.357985 3.937008 2.1631 1.330819 3.937008 2.163647 1.329499 3.937008 0.2444377 0.4425523 3.937008 0.1778587 1.046601 3.937008 0.08707665 0.7077025 3.937008 0.1780452 1.045184 3.937008 0.1818832 1.016032 3.937008 0.1936825 0.9875457 3.937008 0.2124524 0.9630842 3.937008 0.2369138 0.9443143 3.937008 0.2653997 0.932515 3.937008 0.2959689 0.9284905 3.937008 0.3265381 0.932515 3.937008 0.3278581 0.9330618 3.937008 0.355024 0.9443143 3.937008 0.3794855 0.9630842 3.937008 0.3982554 0.9875457 3.937008 0.4100547 1.016032 3.937008 0.4140792 1.046601 3.937008 0.4425523 2.101093 3.937008 0.7077025 2.258454 3.937008 0.6244918 1.39219 3.937008 0.699965 1.526616 3.937008 0.8076587 1.636929 3.937008 1.004546 2.341827 3.937008 0.932515 2.080131 3.937008 0.9284905 2.049561 3.937008 0.9443143 2.108616 3.937008 0.9630842 2.133078 3.937008 0.9875457 2.151848 3.937008 1.016032 2.163647 3.937008 1.312853 2.34553 3.937008 1.045184 2.167485 3.937008 1.046601 2.167672 3.937008 1.07717 2.163647 3.937008 1.105656 2.151848 3.937008 1.130117 2.133078 3.937008 1.148887 2.108616 3.937008 1.16014 2.081451 3.937008 1.160687 2.080131 3.937008 1.164525 2.050978 3.937008 1.164711 2.049561 3.937008 1.242809 1.759148 3.937008 1.39219 1.721038 3.937008 1.611614 2.269312 3.937008 1.526616 1.645565 3.937008 1.636929 1.537872 3.937008 1.715609 1.405296 3.937008 1.757296 1.256875 3.937008 1.184844 0.3265381 3.937008 1.256875 0.5882343 3.937008 1.196643 0.355024 3.937008 1.215413 0.3794855 3.937008 1.239874 0.3982554 3.937008 1.26836 0.4100547 3.937008 1.405296 0.6299209 3.937008 1.29893 0.4140792 3.937008 1.329499 0.4100547 3.937008 1.357985 0.3982554 3.937008 1.382446 0.3794855 3.937008 1.401216 0.355024 3.937008 1.412468 0.3278581 3.937008 1.413015 0.3265381 3.937008 0.9402338 1.715609 3.937008 0.928677 2.048145 3.937008 0.932515 2.018992 3.937008 0.9330618 2.017672 3.937008 0.9443143 1.990506 3.937008 1.088656 1.757296 3.937008 0.9630842 1.966045 3.937008 0.9875457 1.947275 3.937008 1.016032 1.935476 3.937008 1.046601 1.931451 3.937008 1.07717 1.935476 3.937008 1.07849 1.936022 3.937008 1.105656 1.947275 3.937008 1.130117 1.966045 3.937008 1.148887 1.990506 3.937008 1.160687 2.018992 3.937008 0.003703514 1.004546 3.937008 0.07621849 1.611614 3.937008 0 1.312853 3.937008 0.2271648 1.880468 3.937008 0.1818832 1.07717 3.937008 0.1936825 1.105656 3.937008 0.2124524 1.130117 3.937008 0.2369138 1.148887 3.937008 0.2653997 1.160687 3.937008 0.2945524 1.164525 3.937008 0.2959689 1.164711 3.937008 0.3265381 1.160687 3.937008 0.355024 1.148887 3.937008 0.3794855 1.130117 3.937008 0.3982554 1.105656 3.937008 0.4095079 1.07849 3.937008 0.4100547 1.07717 3.937008 0.4140792 1.046601 3.937008 0.4100547 1.07717 3.937008 0.4425523 2.101093 3.937008 0.4095079 1.07849 3.937008 0.3982554 1.105656 3.937008 0.3794855 1.130117 3.937008 0.355024 1.148887 3.937008 0.3265381 1.160687 3.937008 0.2959689 1.164711 3.937008 0.2945524 1.164525 3.937008 0.2653997 1.160687 3.937008 0.2369138 1.148887 3.937008 0.2271648 1.880468 3.937008 0.2124524 1.130117 3.937008 0.1936825 1.105656 3.937008 0.1818832 1.07717 3.937008 0.1778587 1.046601 3.937008 0.08707665 0.7077025 3.937008 0.07621849 1.611614 3.937008 0.003703514 1.004546 3.937008 0 1.312853 3.937008 1.164711 2.049561 3.937008 1.242809 1.759148 3.937008 1.160687 2.018992 3.937008 1.148887 1.990506 3.937008 1.130117 1.966045 3.937008 1.105656 1.947275 3.937008 1.088656 1.757296 3.937008 1.07849 1.936022 3.937008 1.07717 1.935476 3.937008 1.046601 1.931451 3.937008 1.016032 1.935476 3.937008 0.9875457 1.947275 3.937008 0.9630842 1.966045 3.937008 0.9443143 1.990506 3.937008 0.9402338 1.715609 3.937008 0.9330618 2.017672 3.937008 0.932515 2.018992 3.937008 0.928677 2.048145 3.937008 0.9284905 2.049561 3.937008 0.8076587 1.636929 3.937008 1.41704 0.2959689 3.937008 1.413015 0.3265381 3.937008 1.537872 0.7086014 3.937008 1.412468 0.3278581 3.937008 1.405296 0.6299209 3.937008 1.401216 0.355024 3.937008 1.382446 0.3794855 3.937008 1.357985 0.3982554 3.937008 1.329499 0.4100547 3.937008 1.29893 0.4140792 3.937008 1.26836 0.4100547 3.937008 1.256875 0.5882343 3.937008 1.239874 0.3982554 3.937008 1.215413 0.3794855 3.937008 1.196643 0.355024 3.937008 1.184844 0.3265381 3.937008 1.180819 0.2959689 3.937008 1.102721 0.5863826 3.937008 1.759148 1.102721 3.937008 1.757296 1.256875 3.937008 1.880468 2.118365 3.937008 1.715609 1.405296 3.937008 1.636929 1.537872 3.937008 1.611614 2.269312 3.937008 1.526616 1.645565 3.937008 1.39219 1.721038 3.937008 1.312853 2.34553 3.937008 1.164525 2.050978 3.937008 1.160687 2.080131 3.937008 1.16014 2.081451 3.937008 1.148887 2.108616 3.937008 1.130117 2.133078 3.937008 1.105656 2.151848 3.937008 1.07717 2.163647 3.937008 1.046601 2.167672 3.937008 1.045184 2.167485 3.937008 1.016032 2.163647 3.937008 1.004546 2.341827 3.937008 0.9875457 2.151848 3.937008 0.9630842 2.133078 3.937008 0.9443143 2.108616 3.937008 0.932515 2.080131 3.937008 0.7077025 2.258454 3.937008 0.699965 1.526616 3.937008 0.6244918 1.39219 3.937008 0.5863826 1.242809 3.937008 0.4650627 0.2271648 3.937008 0.4100547 1.016032 3.937008 0.3982554 0.9875457 3.937008 0.3794855 0.9630842 3.937008 0.355024 0.9443143 3.937008 0.3278581 0.9330618 3.937008 0.3265381 0.932515 3.937008 0.2959689 0.9284905 3.937008 0.2653997 0.932515 3.937008 0.2444377 0.4425523 3.937008 0.2369138 0.9443143 3.937008 0.2124524 0.9630842 3.937008 0.1936825 0.9875457 3.937008 0.1818832 1.016032 3.937008 0.1780452 1.045184 3.937008 2.167672 1.29893 3.937008 2.163647 1.329499 3.937008 2.258454 1.637828 3.937008 2.1631 1.330819 3.937008 2.151848 1.357985 3.937008 2.133078 1.382446 3.937008 2.108616 1.401216 3.937008 2.101093 1.902978 3.937008 2.080131 1.413015 3.937008 2.049561 1.41704 3.937008 2.018992 1.413015 3.937008 2.017672 1.412468 3.937008 1.990506 1.401216 3.937008 1.966045 1.382446 3.937008 1.947275 1.357985 3.937008 1.935476 1.329499 3.937008 1.931451 1.29893 3.937008 1.902978 0.2444377 3.937008 1.721038 0.9533408 3.937008 1.645565 0.8189139 3.937008 1.637828 0.08707665 3.937008 1.413015 0.2653997 3.937008 1.401216 0.2369138 3.937008 1.382446 0.2124524 3.937008 1.357985 0.1936825 3.937008 1.340984 0.003703514 3.937008 1.329499 0.1818832 3.937008 1.29893 0.1778587 3.937008 1.26836 0.1818832 3.937008 1.239874 0.1936825 3.937008 1.215413 0.2124524 3.937008 1.196643 0.2369138 3.937008 1.181006 0.2945524 3.937008 1.184844 0.2653997 3.937008 1.032677 0 3.937008 0.9533408 0.6244918 3.937008 0.8189139 0.699965 3.937008 0.7339164 0.07621849 3.937008 0.7086014 0.8076587 3.937008 0.6299209 0.9402338 3.937008 0.5882343 1.088656 3.937008 2.34553 1.032677 3.937008 2.269312 0.7339164 3.937008 2.341827 1.340984 3.937008 2.163647 1.26836 3.937008 2.151848 1.239874 3.937008 2.133078 1.215413 3.937008 2.118365 0.4650627 3.937008 2.108616 1.196643 3.937008 2.080131 1.184844 3.937008 2.050978 1.181006 3.937008 2.049561 1.180819 3.937008 2.018992 1.184844 3.937008 1.990506 1.196643 3.937008 1.966045 1.215413 3.937008 1.947275 1.239874 3.937008 1.935476 1.26836 3.937008 1.931638 1.297513 3.937008 0.4425523 2.101093 3.937008 0.2271648 1.880468 3.937008 0.07621849 1.611614 3.937008 0 1.312853 3.937008 0.003703514 1.004546 3.937008 0.08707665 0.7077025 3.937008 0.2444377 0.4425523 3.937008 0.4650627 0.2271648 3.937008 0.7339164 0.07621849 3.937008 1.032677 0 3.937008 1.340984 0.003703514 3.937008 1.637828 0.08707665 3.937008 1.902978 0.2444377 3.937008 2.118365 0.4650627 3.937008 2.269312 0.7339164 3.937008 2.34553 1.032677 3.937008 2.341827 1.340984 3.937008 2.258454 1.637828 3.937008 2.101093 1.902978 3.937008 1.880468 2.118365 3.937008 1.611614 2.269312 3.937008 1.312853 2.34553 3.937008 1.004546 2.341827 3.937008 0.7077025 2.258454 3.937008 1.990506 1.401216 3.937008 2.017672 1.412468 3.937008 2.018992 1.413015 3.937008 2.049561 1.41704 3.937008 2.080131 1.413015 3.937008 2.108616 1.401216 3.937008 2.133078 1.382446 3.937008 2.151848 1.357985 3.937008 2.1631 1.330819 3.937008 2.163647 1.329499 3.937008 2.167672 1.29893 3.937008 2.163647 1.26836 3.937008 2.151848 1.239874 3.937008 2.133078 1.215413 3.937008 2.108616 1.196643 3.937008 2.080131 1.184844 3.937008 2.050978 1.181006 3.937008 2.049561 1.180819 3.937008 2.018992 1.184844 3.937008 1.990506 1.196643 3.937008 1.966045 1.215413 3.937008 1.947275 1.239874 3.937008 1.935476 1.26836 3.937008 1.931638 1.297513 3.937008 1.931451 1.29893 3.937008 1.935476 1.329499 3.937008 1.947275 1.357985 3.937008 1.966045 1.382446 3.937008 1.721038 0.9533408 3.937008 1.759148 1.102721 3.937008 1.645565 0.8189139 3.937008 1.537872 0.7086014 3.937008 1.405296 0.6299209 3.937008 1.256875 0.5882343 3.937008 1.102721 0.5863826 3.937008 0.9533408 0.6244918 3.937008 0.8189139 0.699965 3.937008 0.7086014 0.8076587 3.937008 0.6299209 0.9402338 3.937008 0.5882343 1.088656 3.937008 0.5863826 1.242809 3.937008 0.6244918 1.39219 3.937008 0.699965 1.526616 3.937008 0.8076587 1.636929 3.937008 0.9402338 1.715609 3.937008 1.088656 1.757296 3.937008 1.242809 1.759148 3.937008 1.39219 1.721038 3.937008 1.526616 1.645565 3.937008 1.636929 1.537872 3.937008 1.715609 1.405296 3.937008 1.757296 1.256875 3.937008 0.9443143 1.990506 3.937008 0.9330618 2.017672 3.937008 0.932515 2.018992 3.937008 0.928677 2.048145 3.937008 0.9284905 2.049561 3.937008 0.932515 2.080131 3.937008 0.9443143 2.108616 3.937008 0.9630842 2.133078 3.937008 0.9875457 2.151848 3.937008 1.016032 2.163647 3.937008 1.045184 2.167485 3.937008 1.046601 2.167672 3.937008 1.07717 2.163647 3.937008 1.105656 2.151848 3.937008 1.130117 2.133078 3.937008 1.148887 2.108616 3.937008 1.16014 2.081451 3.937008 1.160687 2.080131 3.937008 1.164525 2.050978 3.937008 1.164711 2.049561 3.937008 1.160687 2.018992 3.937008 1.148887 1.990506 3.937008 1.130117 1.966045 3.937008 1.105656 1.947275 3.937008 1.07849 1.936022 3.937008 1.07717 1.935476 3.937008 1.046601 1.931451 3.937008 1.016032 1.935476 3.937008 0.9875457 1.947275 3.937008 0.9630842 1.966045 3.937008 1.184844 0.2653997 3.937008 1.181006 0.2945524 3.937008 1.180819 0.2959689 3.937008 1.184844 0.3265381 3.937008 1.196643 0.355024 3.937008 1.215413 0.3794855 3.937008 1.239874 0.3982554 3.937008 1.26836 0.4100547 3.937008 1.29893 0.4140792 3.937008 1.329499 0.4100547 3.937008 1.357985 0.3982554 3.937008 1.382446 0.3794855 3.937008 1.401216 0.355024 3.937008 1.412468 0.3278581 3.937008 1.413015 0.3265381 3.937008 1.41704 0.2959689 3.937008 1.413015 0.2653997 3.937008 1.401216 0.2369138 3.937008 1.382446 0.2124524 3.937008 1.357985 0.1936825 3.937008 1.329499 0.1818832 3.937008 1.29893 0.1778587 3.937008 1.26836 0.1818832 3.937008 1.239874 0.1936825 3.937008 1.215413 0.2124524 3.937008 1.196643 0.2369138 3.937008 0.2653997 1.160687 3.937008 0.2945524 1.164525 3.937008 0.2959689 1.164711 3.937008 0.3265381 1.160687 3.937008 0.355024 1.148887 3.937008 0.3794855 1.130117 3.937008 0.3982554 1.105656 3.937008 0.4095079 1.07849 3.937008 0.4100547 1.07717 3.937008 0.4140792 1.046601 3.937008 0.4100547 1.016032 3.937008 0.3982554 0.9875457 3.937008 0.3794855 0.9630842 3.937008 0.355024 0.9443143 3.937008 0.3278581 0.9330618 3.937008 0.3265381 0.932515 3.937008 0.2959689 0.9284905 3.937008 0.2653997 0.932515 3.937008 0.2369138 0.9443143 3.937008 0.2124524 0.9630842 3.937008 0.1936825 0.9875457 3.937008 0.1818832 1.016032 3.937008 0.1780452 1.045184 3.937008 0.1778587 1.046601 3.937008 0.1818832 1.07717 3.937008 0.1936825 1.105656 3.937008 0.2124524 1.130117 3.937008 0.2369138 1.148887 3.937008</float_array>
                    <technique_common>
                        <accessor count="480" source="#ID226" stride="3">
                            <param name="X" type="float" />
                            <param name="Y" type="float" />
                            <param name="Z" type="float" />
                        </accessor>
                    </technique_common>
                </source>
                <source id="ID223">
                    <float_array id="ID227" count="1440">0 0 1 0 0 1 0 0 1 0 0 1 0 0 1 0 0 1 0 0 1 0 0 1 0 0 1 0 0 1 0 0 1 0 0 1 0 0 1 0 0 1 0 0 1 0 0 1 0 0 1 0 0 1 0 0 1 0 0 1 0 0 1 0 0 1 0 0 1 0 0 1 0 0 1 0 0 1 0 0 1 0 0 1 0 0 1 0 0 1 0 0 1 0 0 1 0 0 1 0 0 1 0 0 1 0 0 1 0 0 1 0 0 1 0 0 1 0 0 1 0 0 1 0 0 1 0 0 1 0 0 1 0 0 1 0 0 1 0 0 1 0 0 1 0 0 1 0 0 1 0 0 1 0 0 1 0 0 1 0 0 1 0 0 1 0 0 1 0 0 1 0 0 1 0 0 1 0 0 1 0 0 1 0 0 1 0 0 1 0 0 1 0 0 1 0 0 1 0 0 1 0 0 1 0 0 1 0 0 1 0 0 1 0 0 1 0 0 1 0 0 1 0 0 1 0 0 1 0 0 1 0 0 1 0 0 1 0 0 1 0 0 1 0 0 1 0 0 1 0 0 1 0 0 1 0 0 1 0 0 1 0 0 1 0 0 1 0 0 1 0 0 1 0 0 1 0 0 1 0 0 1 0 0 1 0 0 1 0 0 1 0 0 1 0 0 1 0 0 1 0 0 1 0 0 1 0 0 1 0 0 1 0 0 1 0 0 1 0 0 1 0 0 1 0 0 1 0 0 1 0 0 1 0 0 1 0 0 1 0 0 1 0 0 1 0 0 1 0 0 1 0 0 1 0 0 1 0 0 1 0 0 1 0 0 1 0 0 1 0 0 1 0 0 1 0 0 1 0 0 1 0 0 1 0 0 1 0 0 1 0 0 1 0 0 1 0 0 1 0 0 1 0 0 1 0 0 1 0 0 1 0 0 1 0 0 1 0 0 1 0 0 1 0 0 1 0 0 1 0 0 1 0 0 1 0 0 1 0 0 1 0 0 1 0 0 1 0 0 1 0 0 1 0 0 1 0 0 1 0 0 1 0 0 1 0 0 1 0 0 1 0 0 1 0 0 1 0 0 1 -0 -0 -1 -0 -0 -1 -0 -0 -1 -0 -0 -1 -0 -0 -1 -0 -0 -1 -0 -0 -1 -0 -0 -1 -0 -0 -1 -0 -0 -1 -0 -0 -1 -0 -0 -1 -0 -0 -1 -0 -0 -1 -0 -0 -1 -0 -0 -1 -0 -0 -1 -0 -0 -1 -0 -0 -1 -0 -0 -1 -0 -0 -1 -0 -0 -1 -0 -0 -1 -0 -0 -1 -0 -0 -1 -0 -0 -1 -0 -0 -1 -0 -0 -1 -0 -0 -1 -0 -0 -1 -0 -0 -1 -0 -0 -1 -0 -0 -1 -0 -0 -1 -0 -0 -1 -0 -0 -1 -0 -0 -1 -0 -0 -1 -0 -0 -1 -0 -0 -1 -0 -0 -1 -0 -0 -1 -0 -0 -1 -0 -0 -1 -0 -0 -1 -0 -0 -1 -0 -0 -1 -0 -0 -1 -0 -0 -1 -0 -0 -1 -0 -0 -1 -0 -0 -1 -0 -0 -1 -0 -0 -1 -0 -0 -1 -0 -0 -1 -0 -0 -1 -0 -0 -1 -0 -0 -1 -0 -0 -1 -0 -0 -1 -0 -0 -1 -0 -0 -1 -0 -0 -1 -0 -0 -1 -0 -0 -1 -0 -0 -1 -0 -0 -1 -0 -0 -1 -0 -0 -1 -0 -0 -1 -0 -0 -1 -0 -0 -1 -0 -0 -1 -0 -0 -1 -0 -0 -1 -0 -0 -1 -0 -0 -1 -0 -0 -1 -0 -0 -1 -0 -0 -1 -0 -0 -1 -0 -0 -1 -0 -0 -1 -0 -0 -1 -0 -0 -1 -0 -0 -1 -0 -0 -1 -0 -0 -1 -0 -0 -1 -0 -0 -1 -0 -0 -1 -0 -0 -1 -0 -0 -1 -0 -0 -1 -0 -0 -1 -0 -0 -1 -0 -0 -1 -0 -0 -1 -0 -0 -1 -0 -0 -1 -0 -0 -1 -0 -0 -1 -0 -0 -1 -0 -0 -1 -0 -0 -1 -0 -0 -1 -0 -0 -1 -0 -0 -1 -0 -0 -1 -0 -0 -1 -0 -0 -1 -0 -0 -1 -0 -0 -1 -0 -0 -1 -0 -0 -1 -0 -0 -1 -0 -0 -1 -0 -0 -1 -0 -0 -1 -0 -0 -1 -0 -0 -1 -0 -0 -1 -0 -0 -1 -0 -0 -1 -0 -0 -1 -0 -0 -1 -0 -0 -1 -0 -0 -1 -0 -0 -1 -0 -0 -1 -0 -0 -1 -0 -0 -1 -0 -0 -1 -0 -0 -1 -0 -0 -1 -0 -0 -1 -0 -0 -1 -0 -0 -1 -0 -0 -1 -0 -0 -1 -0 -0 -1 -0 -0 -1 -0 -0 -1 -0 -0 -1 -0 -0 -1 -0 -0 -1 -0 -0 -1 -0 -0 -1 -0 -0 -1 -0 -0 -1 -0 -0 -1 -0 -0 -1 -0 -0 -1 -0 -0 -1 -0 -0 -1 -0 -0 -1 -0 -0 -1 -0 -0 -1 -0 -0 -1 0 0 0 0 0 0 0 0 0 0 0 0 0 0 0 0 0 0 0 0 0 0 0 0 0 0 0 0 0 0 0 0 0 0 0 0 0 0 0 0 0 0 0 0 0 0 0 0 0 0 0 0 0 0 0 0 0 0 0 0 0 0 0 0 0 0 0 0 0 0 0 0 0 0 0 0 0 0 0 0 0 0 0 0 0 0 0 0 0 0 0 0 0 0 0 0 0 0 0 0 0 0 0 0 0 0 0 0 0 0 0 0 0 0 0 0 0 0 0 0 0 0 0 0 0 0 0 0 0 0 0 0 0 0 0 0 0 0 0 0 0 0 0 0 0 0 0 0 0 0 0 0 0 0 0 0 0 0 0 0 0 0 0 0 0 0 0 0 0 0 0 0 0 0 0 0 0 0 0 0 0 0 0 0 0 0 0 0 0 0 0 0 0 0 0 0 0 0 0 0 0 0 0 0 0 0 0 0 0 0 0 0 0 0 0 0 0 0 0 0 0 0 0 0 0 0 0 0 0 0 0 0 0 0 0 0 0 0 0 0 0 0 0 0 0 0 0 0 0 0 0 0 0 0 0 0 0 0 0 0 0 0 0 0 0 0 0 0 0 0 0 0 0 0 0 0 0 0 0 0 0 0 0 0 0 0 0 0 0 0 0 0 0 0 0 0 0 0 0 0 0 0 0 0 0 0 0 0 0 0 0 0 0 0 0 0 0 0 0 0 0 0 0 0 0 0 0 0 0 0 0 0 0 0 0 0 0 0 0 0 0 0 0 0 0 0 0 0 0 0 0 0 0 0 0 0 0 0 0 0 0 0 0 0 0 0 0 0 0 0 0 0 0 0 0 0 0 0 0 0 0 0 0 0 0 0 0 0 0 0 0 0 0 0 0 0 0 0 0 0 0 0 0 0 0 0 0 0 0 0 0 0 0 0 0 0 0 0 0 0 0 0 0 0 0 0 0 0 0 0 0 0 0 0 0 0 0 0 0 0 0 0 0 0 0 0 0 0 0 0 0 0 0 0 0 0 0 0 0 0 0 0 0 0 0 0 0 0 0 0 0 0 0 0 0 0 0 0 0 0</float_array>
                    <technique_common>
                        <accessor count="480" source="#ID227" stride="3">
                            <param name="X" type="float" />
                            <param name="Y" type="float" />
                            <param name="Z" type="float" />
                        </accessor>
                    </technique_common>
                </source>
                <source id="ID224">
                    <Name_array id="ID228" count="0" />
                    <technique_common>
                        <accessor count="0" source="#ID228" stride="1">
                            <param name="skp_material" type="Name" />
                        </accessor>
                    </technique_common>
                </source>
                <vertices id="ID225">
                    <input semantic="POSITION" source="#ID222" />
                    <input semantic="NORMAL" source="#ID223" />
                </vertices>
                <triangles count="168" material="Material2">
                    <input offset="0" semantic="VERTEX" source="#ID225" />
                    <p>0 1 2 1 0 3 3 0 4 3 4 5 5 4 6 6 4 7 7 4 8 8 4 9 9 4 10 10 4 11 11 4 12 12 4 13 13 4 14 13 14 15 15 14 16 16 14 17 17 14 18 18 14 19 19 14 20 21 22 23 22 21 24 22 24 25 25 24 26 26 24 27 27 24 28 27 28 29 29 28 30 30 28 31 31 28 32 32 28 33 30 31 34 30 34 35 32 33 36 36 33 37 37 33 38 38 33 39 39 33 40 40 33 41 41 33 42 41 42 43 43 42 44 44 42 45 45 42 46 46 42 47 47 42 48 48 42 0 48 0 49 49 0 50 50 0 51 51 0 2 51 2 52 51 52 53 53 52 54 53 54 55 53 55 56 53 56 57 53 57 58 53 58 59 53 59 60 53 60 61 53 61 18 18 61 62 18 62 63 18 63 64 18 64 65 18 65 17 66 67 68 67 66 69 69 66 70 70 66 71 71 66 72 72 66 73 73 66 74 74 66 21 74 21 75 75 21 76 76 21 77 77 21 78 78 21 79 79 21 80 80 21 81 81 21 82 82 21 83 83 21 84 84 21 23 84 23 85 84 85 86 84 86 87 84 87 88 88 87 89 89 87 90 88 89 91 88 91 92 88 92 93 88 93 94 88 94 95 95 94 96 95 96 97 95 97 98 95 98 99 95 99 100 95 100 101 95 101 102 95 102 103 95 103 104 95 104 105 95 105 106 95 106 107 95 107 108 108 107 109 108 109 110 108 110 51 51 110 111 51 111 112 51 112 50 30 113 114 113 30 35 114 113 115 114 115 116 114 116 117 114 117 118 114 118 119 119 118 120 119 120 121 119 121 122 119 122 123 119 123 124 119 124 125 119 125 47 47 125 126 47 126 46 127 90 87 90 127 128 128 127 129 129 127 130 130 127 131 131 127 132 131 132 133 133 132 134 134 132 135 135 132 136 136 132 137 137 132 138 138 132 139 139 132 106 139 106 140 140 106 141 141 106 142 142 106 105 143 144 145 144 143 68 144 68 146 146 68 67 146 67 147 146 147 148 146 148 149 146 149 150 146 150 83 83 150 151 83 151 152 83 152 153 83 153 154 83 154 155 83 155 156 83 156 157 83 157 158 83 158 159 83 159 82</p>
                </triangles>
                <triangles count="168" material="Material3">
                    <input offset="0" semantic="VERTEX" source="#ID225" />
                    <p>160 161 162 161 163 162 163 164 162 164 165 162 165 166 162 166 167 162 167 168 162 168 169 162 169 170 162 170 171 162 162 171 172 171 173 172 173 174 172 174 175 172 175 176 172 176 177 172 172 177 178 177 179 178 180 178 179 181 182 183 183 182 184 184 182 185 185 182 186 182 187 186 186 187 188 188 187 189 189 187 190 190 187 191 191 187 192 192 187 193 193 187 194 187 195 194 194 195 196 196 195 197 197 195 198 198 195 199 200 199 195 201 202 203 202 204 203 203 204 205 204 206 205 206 207 205 207 208 205 208 209 205 209 210 205 210 211 205 205 211 212 211 213 212 213 214 212 214 215 212 215 216 212 217 218 216 212 216 218 219 220 221 220 222 221 222 223 221 221 223 224 223 225 224 225 226 224 224 226 227 226 182 227 182 181 227 181 228 227 228 229 227 229 230 227 230 231 227 231 232 227 232 233 227 233 234 227 234 235 227 235 236 227 236 237 227 227 237 238 237 239 238 239 240 238 240 241 238 241 242 238 199 200 242 242 200 238 238 200 243 200 244 243 244 245 243 245 246 243 246 247 243 243 247 162 162 247 160 160 247 248 248 247 249 249 247 250 250 247 251 251 247 252 252 247 253 253 247 254 254 247 255 247 256 255 255 256 257 257 256 258 258 256 259 259 256 260 260 256 261 261 256 176 177 176 256 262 263 264 263 265 264 265 266 264 266 267 264 267 268 264 264 268 269 268 270 269 270 271 269 271 272 269 272 273 269 273 274 269 274 275 269 275 276 269 276 277 269 269 277 221 277 278 221 278 279 221 221 279 219 219 279 280 280 279 281 279 282 281 281 282 203 203 282 201 201 282 283 283 282 284 284 282 285 285 282 286 282 287 286 286 287 288 288 287 289 289 287 290 290 287 291 291 287 292 292 287 293 217 294 218 294 295 218 287 296 293 293 296 295 295 296 218 218 296 297 297 296 298 296 299 298 298 299 300 300 299 301 301 299 302 299 247 302 246 302 247 303 304 305 305 304 264 264 304 262 262 304 306 306 304 307 307 304 308 304 309 308 308 309 310 310 309 311 311 309 312 312 309 313 313 309 314 314 309 315 315 309 316 316 309 317 317 309 318 309 279 318 318 279 319 278 319 279</p>
                </triangles>
                <lines count="160" material="Material4">
                    <input offset="0" semantic="VERTEX" source="#ID225" />
                    <p>320 321 321 322 322 323 323 324 324 325 325 326 326 327 327 328 328 329 329 330 330 331 331 332 332 333 333 334 334 335 335 336 336 337 337 338 338 339 339 340 340 341 341 342 342 343 343 320 344 345 345 346 346 347 347 348 348 349 349 350 350 351 351 352 352 353 353 354 354 355 355 356 356 357 357 358 358 359 359 360 360 361 361 362 362 363 363 364 364 365 365 366 366 367 367 368 368 369 369 370 370 371 371 344 372 373 374 372 375 374 376 375 377 376 378 377 379 378 380 379 381 380 382 381 383 382 384 383 385 384 386 385 387 386 388 387 389 388 390 389 391 390 392 391 393 392 394 393 395 394 373 395 396 397 397 398 398 399 399 400 400 401 401 402 402 403 403 404 404 405 405 406 406 407 407 408 408 409 409 410 410 411 411 412 412 413 413 414 414 415 415 416 416 417 417 418 418 419 419 420 420 421 421 422 422 423 423 424 424 425 425 396 426 427 427 428 428 429 429 430 430 431 431 432 432 433 433 434 434 435 435 436 436 437 437 438 438 439 439 440 440 441 441 442 442 443 443 444 444 445 445 446 446 447 447 448 448 449 449 450 450 451 451 426 452 453 453 454 454 455 455 456 456 457 457 458 458 459 459 460 460 461 461 462 462 463 463 464 464 465 465 466 466 467 467 468 468 469 469 470 470 471 471 472 472 473 473 474 474 475 475 476 476 477 477 478 478 479 479 452</p>
                </lines>
            </mesh>
        </geometry>
        <geometry id="ID234">
            <mesh>
                <source id="ID240">
                    <float_array id="ID247" count="168">18.89764 0.7086614 0 18.89764 0 3.937008 18.89764 0 0 18.89764 0.7086614 3.937008 18.89764 0.7086614 3.937008 18.89764 0.7086614 0 18.89764 0 3.937008 18.89764 0 0 18.89764 0.7086614 0 18.89764 0.7086614 3.937008 18.89764 0 3.937008 18.89764 0 0 0.7086614 0.7086614 3.937008 18.89764 0.7086614 0 0.7086614 0.7086614 0 18.89764 0.7086614 3.937008 18.89764 0.7086614 3.937008 0.7086614 0.7086614 3.937008 18.89764 0.7086614 0 0.7086614 0.7086614 0 0.7086614 0.7086614 0 0.7086614 0.7086614 3.937008 18.89764 0 3.937008 0.7086614 0.7086614 3.937008 0.7086614 0 3.937008 18.89764 0.7086614 3.937008 18.89764 0.7086614 3.937008 18.89764 0 3.937008 0.7086614 0.7086614 3.937008 0.7086614 0 3.937008 0.7086614 0 3.937008 18.89764 0 3.937008 0.7086614 0 0 18.89764 0 0 0.7086614 0 3.937008 0.7086614 0 3.937008 18.89764 0 3.937008 0.7086614 0 0 18.89764 0 0 0.7086614 0 0 18.89764 0.7086614 0 0.7086614 0 0 0.7086614 0.7086614 0 18.89764 0 0 18.89764 0 0 18.89764 0.7086614 0 0.7086614 0 0 0.7086614 0.7086614 0 0.7086614 0.7086614 3.937008 0.7086614 0 0 0.7086614 0 3.937008 0.7086614 0.7086614 0 0.7086614 0.7086614 0 0.7086614 0.7086614 3.937008 0.7086614 0 0 0.7086614 0 3.937008</float_array>
                    <technique_common>
                        <accessor count="56" source="#ID247" stride="3">
                            <param name="X" type="float" />
                            <param name="Y" type="float" />
                            <param name="Z" type="float" />
                        </accessor>
                    </technique_common>
                </source>
                <source id="ID241">
                    <float_array id="ID248" count="168">1 0 0 1 0 0 1 0 0 1 0 0 -1 -0 -0 -1 -0 -0 -1 -0 -0 -1 -0 -0 0 0 0 0 0 0 0 0 0 0 0 0 0 1 0 0 1 0 0 1 0 0 1 0 -0 -1 -0 -0 -1 -0 -0 -1 -0 -0 -1 -0 0 0 0 0 0 0 0 0 1 0 0 1 0 0 1 0 0 1 -0 -0 -1 -0 -0 -1 -0 -0 -1 -0 -0 -1 0 0 0 -0 -1 -0 -0 -1 -0 -0 -1 -0 -0 -1 -0 0 1 0 0 1 0 0 1 0 0 1 0 0 0 0 -0 -0 -1 -0 -0 -1 -0 -0 -1 -0 -0 -1 0 0 1 0 0 1 0 0 1 0 0 1 -1 0 0 -1 0 0 -1 0 0 -1 0 0 1 -0 -0 1 -0 -0 1 -0 -0 1 -0 -0</float_array>
                    <technique_common>
                        <accessor count="56" source="#ID248" stride="3">
                            <param name="X" type="float" />
                            <param name="Y" type="float" />
                            <param name="Z" type="float" />
                        </accessor>
                    </technique_common>
                </source>
                <source id="ID242">
                    <Name_array id="ID250" count="0" />
                    <technique_common>
                        <accessor count="0" source="#ID250" stride="1">
                            <param name="skp_material" type="Name" />
                        </accessor>
                    </technique_common>
                </source>
                <source id="ID244">
                    <float_array id="ID249" count="36">0.01181102 0 0 0.0656168 0 0 0.01181102 0.0656168 -0.01181102 0.0656168 -0.3149606 0 -0.01181102 0 -0.3149606 0.0656168 0.3149606 0 0.01181102 0.01181102 0.01181102 0 0.3149606 0.01181102 0.3149606 0.0656168 0.01181102 0.0656168 -0.3149606 0.01181102 -0.01181102 0.01181102 -0.01181102 0.0656168 -0.01181102 0</float_array>
                    <technique_common>
                        <accessor count="18" source="#ID249" stride="2">
                            <param name="S" type="float" />
                            <param name="T" type="float" />
                        </accessor>
                    </technique_common>
                </source>
                <vertices id="ID243">
                    <input semantic="POSITION" source="#ID240" />
                    <input semantic="NORMAL" source="#ID241" />
                </vertices>
                <triangles count="24" material="Material2">
                    <input offset="0" semantic="VERTEX" source="#ID243" />
                    <input offset="1" semantic="TEXCOORD" source="#ID244" />
                    <p>0 0 1 1 2 2 1 1 0 0 3 3 4 3 5 0 6 1 7 2 6 1 5 0 12 4 13 5 14 6 13 5 12 4 15 7 16 7 17 4 18 5 19 6 18 5 17 4 22 8 23 9 24 10 23 9 22 8 25 11 26 11 27 8 28 9 29 10 28 9 27 8 31 12 32 10 33 8 32 10 31 12 34 13 35 13 36 12 37 10 38 8 37 10 36 12 40 14 41 6 42 15 41 6 40 14 43 5 44 5 45 14 46 6 47 15 46 6 45 14 48 16 49 2 50 1 49 2 48 16 51 17 52 17 53 16 54 2 55 1 54 2 53 16</p>
                </triangles>
                <lines count="12" material="Material3">
                    <input offset="0" semantic="VERTEX" source="#ID243" />
                    <p>8 9 9 10 11 10 8 11 20 8 21 20 9 21 21 30 10 30 30 39 39 11 20 39</p>
                </lines>
            </mesh>
        </geometry>
        <geometry id="ID254">
            <mesh>
                <source id="ID255">
                    <float_array id="ID260" count="168">0.7086614 35.43307 0 0 0 0 0 35.43307 0 0.7086614 0 0 0.7086614 0 0 0.7086614 35.43307 0 0 0 0 0 35.43307 0 0 0 0 0 35.43307 0 0.7086614 35.43307 0 0.7086614 0 0 0 35.43307 3.937008 0 0 0 0 0 3.937008 0 35.43307 0 0 35.43307 0 0 35.43307 3.937008 0 0 0 0 0 3.937008 0 35.43307 3.937008 0 0 3.937008 0 35.43307 3.937008 0.7086614 35.43307 0 0 35.43307 0 0.7086614 35.43307 3.937008 0.7086614 35.43307 3.937008 0 35.43307 3.937008 0.7086614 35.43307 0 0 35.43307 0 0.7086614 35.43307 3.937008 0.7086614 35.43307 0 0.7086614 0 3.937008 0.7086614 0 0 0.7086614 35.43307 3.937008 0.7086614 35.43307 3.937008 0.7086614 35.43307 0 0.7086614 0 3.937008 0.7086614 0 0 0.7086614 0 3.937008 0.7086614 0 3.937008 0 0 0 0.7086614 0 0 0 0 3.937008 0 0 3.937008 0.7086614 0 3.937008 0 0 0 0.7086614 0 0 0.7086614 0 3.937008 0 35.43307 3.937008 0 0 3.937008 0.7086614 35.43307 3.937008 0.7086614 35.43307 3.937008 0.7086614 0 3.937008 0 35.43307 3.937008 0 0 3.937008</float_array>
                    <technique_common>
                        <accessor count="56" source="#ID260" stride="3">
                            <param name="X" type="float" />
                            <param name="Y" type="float" />
                            <param name="Z" type="float" />
                        </accessor>
                    </technique_common>
                </source>
                <source id="ID256">
                    <float_array id="ID261" count="168">0 0 -1 0 0 -1 0 0 -1 0 0 -1 -0 -0 1 -0 -0 1 -0 -0 1 -0 -0 1 0 0 0 0 0 0 0 0 0 0 0 0 -1 0 0 -1 0 0 -1 0 0 -1 0 0 1 -0 -0 1 -0 -0 1 -0 -0 1 -0 -0 0 0 0 0 0 0 0 1 0 0 1 0 0 1 0 0 1 0 -0 -1 -0 -0 -1 -0 -0 -1 -0 -0 -1 -0 0 0 0 1 0 0 1 0 0 1 0 0 1 0 0 -1 -0 -0 -1 -0 -0 -1 -0 -0 -1 -0 -0 0 0 0 -0 -1 -0 -0 -1 -0 -0 -1 -0 -0 -1 -0 0 1 0 0 1 0 0 1 0 0 1 0 0 0 1 0 0 1 0 0 1 0 0 1 -0 -0 -1 -0 -0 -1 -0 -0 -1 -0 -0 -1</float_array>
                    <technique_common>
                        <accessor count="56" source="#ID261" stride="3">
                            <param name="X" type="float" />
                            <param name="Y" type="float" />
                            <param name="Z" type="float" />
                        </accessor>
                    </technique_common>
                </source>
                <source id="ID257">
                    <Name_array id="ID263" count="0" />
                    <technique_common>
                        <accessor count="0" source="#ID263" stride="1">
                            <param name="skp_material" type="Name" />
                        </accessor>
                    </technique_common>
                </source>
                <source id="ID259">
                    <float_array id="ID262" count="26">-0.01181102 0.5905512 0 0 0 0.5905512 -0.01181102 0 -0.5905512 0.0656168 0 0.0656168 -0.5905512 0 -0.01181102 0.0656168 0.5905512 0 0.5905512 0.0656168 0.01181102 0.0656168 0.01181102 0 0.01181102 0.5905512</float_array>
                    <technique_common>
                        <accessor count="13" source="#ID262" stride="2">
                            <param name="S" type="float" />
                            <param name="T" type="float" />
                        </accessor>
                    </technique_common>
                </source>
                <vertices id="ID258">
                    <input semantic="POSITION" source="#ID255" />
                    <input semantic="NORMAL" source="#ID256" />
                </vertices>
                <triangles count="24" material="Material2">
                    <input offset="0" semantic="VERTEX" source="#ID258" />
                    <input offset="1" semantic="TEXCOORD" source="#ID259" />
                    <p>0 0 1 1 2 2 1 1 0 0 3 3 4 3 5 0 6 1 7 2 6 1 5 0 12 4 13 1 14 5 13 1 12 4 15 6 16 6 17 4 18 1 19 5 18 1 17 4 22 5 23 3 24 1 23 3 22 5 25 7 26 7 27 5 28 3 29 1 28 3 27 5 31 8 32 5 33 1 32 5 31 8 34 9 35 9 36 8 37 5 38 1 37 5 36 8 40 10 41 1 42 11 41 1 40 10 43 5 44 5 45 10 46 1 47 11 46 1 45 10 48 11 49 2 50 1 49 2 48 11 51 12 52 12 53 11 54 2 55 1 54 2 53 11</p>
                </triangles>
                <lines count="12" material="Material3">
                    <input offset="0" semantic="VERTEX" source="#ID258" />
                    <p>8 9 9 10 11 10 8 11 20 21 9 20 21 8 20 30 10 30 30 39 39 11 21 39</p>
                </lines>
            </mesh>
        </geometry>
    </library_geometries>
    <library_materials>
        <material id="ID6" name="Color_M05">
            <instance_effect url="#ID7" />
        </material>
        <material id="ID12" name="edge_color114114114255">
            <instance_effect url="#ID13" />
        </material>
        <material id="ID43" name="Wood_Veneer_02">
            <instance_effect url="#ID44" />
        </material>
        <material id="ID53" name="edge_color19012891255">
            <instance_effect url="#ID54" />
        </material>
        <material id="ID64" name="Color_002">
            <instance_effect url="#ID65" />
        </material>
        <material id="ID70" name="material_73">
            <instance_effect url="#ID71" />
        </material>
        <material id="ID76" name="edge_color1077343255">
            <instance_effect url="#ID77" />
        </material>
        <material id="ID78" name="edge_color193193193255">
            <instance_effect url="#ID79" />
        </material>
        <material id="ID85" name="material_9">
            <instance_effect url="#ID86" />
        </material>
        <material id="ID100" name="Stainless_Steel_Appliance">
            <instance_effect url="#ID101" />
        </material>
        <material id="ID110" name="edge_color198198198255">
            <instance_effect url="#ID111" />
        </material>
        <material id="ID150" name="material">
            <instance_effect url="#ID149" />
        </material>
        <material id="ID156" name="material_0">
            <instance_effect url="#ID155" />
        </material>
        <material id="ID157" name="edge_color000255">
            <instance_effect url="#ID158" />
        </material>
        <material id="ID163" name="Formica_Laminate_Dark">
            <instance_effect url="#ID164" />
        </material>
        <material id="ID173" name="edge_color505360255">
            <instance_effect url="#ID174" />
        </material>
        <material id="ID235" name="Aluminum">
            <instance_effect url="#ID236" />
        </material>
        <material id="ID245" name="edge_color179179179255">
            <instance_effect url="#ID246" />
        </material>
    </library_materials>
    <library_effects>
        <effect id="ID7">
            <profile_COMMON>
                <technique sid="COMMON">
                    <lambert>
                        <diffuse>
                            <color>0.4470588 0.4470588 0.4470588 1</color>
                        </diffuse>
                    </lambert>
                </technique>
            </profile_COMMON>
        </effect>
        <effect id="ID13">
            <profile_COMMON>
                <technique sid="COMMON">
                    <constant>
                        <transparent opaque="A_ONE">
                            <color>0.4470588 0.4470588 0.4470588 1</color>
                        </transparent>
                        <transparency>
                            <float>1</float>
                        </transparency>
                    </constant>
                </technique>
            </profile_COMMON>
        </effect>
        <effect id="ID44">
            <profile_COMMON>
                <newparam sid="ID46">
                    <surface type="2D">
                        <init_from>ID45</init_from>
                    </surface>
                </newparam>
                <newparam sid="ID47">
                    <sampler2D>
                        <source>ID46</source>
                    </sampler2D>
                </newparam>
                <technique sid="COMMON">
                    <lambert>
                        <diffuse>
                            <texture texture="ID47" texcoord="UVSET0" />
                        </diffuse>
                    </lambert>
                </technique>
            </profile_COMMON>
        </effect>
        <effect id="ID54">
            <profile_COMMON>
                <technique sid="COMMON">
                    <constant>
                        <transparent opaque="A_ONE">
                            <color>0.7450981 0.5019608 0.3568628 1</color>
                        </transparent>
                        <transparency>
                            <float>1</float>
                        </transparency>
                    </constant>
                </technique>
            </profile_COMMON>
        </effect>
        <effect id="ID65">
            <profile_COMMON>
                <technique sid="COMMON">
                    <lambert>
                        <diffuse>
                            <color>0.7764706 0.7764706 0.7764706 1</color>
                        </diffuse>
                    </lambert>
                </technique>
            </profile_COMMON>
        </effect>
        <effect id="ID71">
            <profile_COMMON>
                <newparam sid="ID73">
                    <surface type="2D">
                        <init_from>ID72</init_from>
                    </surface>
                </newparam>
                <newparam sid="ID74">
                    <sampler2D>
                        <source>ID73</source>
                    </sampler2D>
                </newparam>
                <technique sid="COMMON">
                    <lambert>
                        <diffuse>
                            <texture texture="ID74" texcoord="UVSET0" />
                        </diffuse>
                    </lambert>
                </technique>
            </profile_COMMON>
        </effect>
        <effect id="ID77">
            <profile_COMMON>
                <technique sid="COMMON">
                    <constant>
                        <transparent opaque="A_ONE">
                            <color>0.4196078 0.2862745 0.1686275 1</color>
                        </transparent>
                        <transparency>
                            <float>1</float>
                        </transparency>
                    </constant>
                </technique>
            </profile_COMMON>
        </effect>
        <effect id="ID79">
            <profile_COMMON>
                <technique sid="COMMON">
                    <constant>
                        <transparent opaque="A_ONE">
                            <color>0.7568628 0.7568628 0.7568628 1</color>
                        </transparent>
                        <transparency>
                            <float>1</float>
                        </transparency>
                    </constant>
                </technique>
            </profile_COMMON>
        </effect>
        <effect id="ID86">
            <profile_COMMON>
                <newparam sid="ID88">
                    <surface type="2D">
                        <init_from>ID87</init_from>
                    </surface>
                </newparam>
                <newparam sid="ID89">
                    <sampler2D>
                        <source>ID88</source>
                    </sampler2D>
                </newparam>
                <technique sid="COMMON">
                    <lambert>
                        <diffuse>
                            <texture texture="ID89" texcoord="UVSET0" />
                        </diffuse>
                    </lambert>
                </technique>
            </profile_COMMON>
        </effect>
        <effect id="ID101">
            <profile_COMMON>
                <newparam sid="ID103">
                    <surface type="2D">
                        <init_from>ID102</init_from>
                    </surface>
                </newparam>
                <newparam sid="ID104">
                    <sampler2D>
                        <source>ID103</source>
                    </sampler2D>
                </newparam>
                <technique sid="COMMON">
                    <lambert>
                        <diffuse>
                            <texture texture="ID104" texcoord="UVSET0" />
                        </diffuse>
                    </lambert>
                </technique>
            </profile_COMMON>
        </effect>
        <effect id="ID111">
            <profile_COMMON>
                <technique sid="COMMON">
                    <constant>
                        <transparent opaque="A_ONE">
                            <color>0.7764706 0.7764706 0.7764706 1</color>
                        </transparent>
                        <transparency>
                            <float>1</float>
                        </transparency>
                    </constant>
                </technique>
            </profile_COMMON>
        </effect>
        <effect id="ID149">
            <profile_COMMON>
                <technique sid="COMMON">
                    <lambert>
                        <diffuse>
                            <color>1 1 1 1</color>
                        </diffuse>
                    </lambert>
                </technique>
            </profile_COMMON>
        </effect>
        <effect id="ID155">
            <profile_COMMON>
                <technique sid="COMMON">
                    <lambert>
                        <diffuse>
                            <color>0.6431373 0.6980392 0.7333333 1</color>
                        </diffuse>
                    </lambert>
                </technique>
            </profile_COMMON>
        </effect>
        <effect id="ID158">
            <profile_COMMON>
                <technique sid="COMMON">
                    <constant>
                        <transparent opaque="A_ONE">
                            <color>0 0 0 1</color>
                        </transparent>
                        <transparency>
                            <float>1</float>
                        </transparency>
                    </constant>
                </technique>
            </profile_COMMON>
        </effect>
        <effect id="ID164">
            <profile_COMMON>
                <newparam sid="ID166">
                    <surface type="2D">
                        <init_from>ID165</init_from>
                    </surface>
                </newparam>
                <newparam sid="ID167">
                    <sampler2D>
                        <source>ID166</source>
                    </sampler2D>
                </newparam>
                <technique sid="COMMON">
                    <lambert>
                        <diffuse>
                            <texture texture="ID167" texcoord="UVSET0" />
                        </diffuse>
                    </lambert>
                </technique>
            </profile_COMMON>
        </effect>
        <effect id="ID174">
            <profile_COMMON>
                <technique sid="COMMON">
                    <constant>
                        <transparent opaque="A_ONE">
                            <color>0.1960784 0.2078431 0.2352941 1</color>
                        </transparent>
                        <transparency>
                            <float>1</float>
                        </transparency>
                    </constant>
                </technique>
            </profile_COMMON>
        </effect>
        <effect id="ID236">
            <profile_COMMON>
                <newparam sid="ID238">
                    <surface type="2D">
                        <init_from>ID237</init_from>
                    </surface>
                </newparam>
                <newparam sid="ID239">
                    <sampler2D>
                        <source>ID238</source>
                    </sampler2D>
                </newparam>
                <technique sid="COMMON">
                    <lambert>
                        <diffuse>
                            <texture texture="ID239" texcoord="UVSET0" />
                        </diffuse>
                    </lambert>
                </technique>
            </profile_COMMON>
        </effect>
        <effect id="ID246">
            <profile_COMMON>
                <technique sid="COMMON">
                    <constant>
                        <transparent opaque="A_ONE">
                            <color>0.7019608 0.7019608 0.7019608 1</color>
                        </transparent>
                        <transparency>
                            <float>1</float>
                        </transparency>
                    </constant>
                </technique>
            </profile_COMMON>
        </effect>
    </library_effects>
    <library_images>
        <image id="ID45">
            <init_from>model/Wood_Veneer_02.jpg</init_from>
        </image>
        <image id="ID72">
            <init_from>model/material_73.JPG</init_from>
        </image>
        <image id="ID87">
            <init_from>model/material_9.jpg</init_from>
        </image>
        <image id="ID102">
            <init_from>model/Stainless_Steel_Appliance.jpg</init_from>
        </image>
        <image id="ID165">
            <init_from>model/Formica_Laminate_Dark.jpg</init_from>
        </image>
        <image id="ID237">
            <init_from>model/Aluminum.jpg</init_from>
        </image>
    </library_images>
    <library_nodes>
        <node id="ID60" name="Component_6">
            <node id="ID61" name="instance_1">
                <matrix>1 0 0 0.7086614 0 1 0 0.8436985 0 0 1 11.3635 0 0 0 1</matrix>
                <instance_node url="#ID62" />
            </node>
            <node id="ID132" name="instance_2">
                <matrix>1 0 0 0 0 1 0 0 0 0 1 0 0 0 0 1</matrix>
                <instance_node url="#ID133" />
            </node>
        </node>
        <node id="ID62" name="Component_5">
            <instance_geometry url="#ID63">
                <bind_material>
                    <technique_common>
                        <instance_material symbol="Material2" target="#ID64">
                            <bind_vertex_input semantic="UVSET0" input_semantic="TEXCOORD" input_set="0" />
                        </instance_material>
                        <instance_material symbol="Material3" target="#ID70">
                            <bind_vertex_input semantic="UVSET0" input_semantic="TEXCOORD" input_set="0" />
                        </instance_material>
                        <instance_material symbol="Material4" target="#ID76">
                            <bind_vertex_input semantic="UVSET0" input_semantic="TEXCOORD" input_set="0" />
                        </instance_material>
                        <instance_material symbol="Material5" target="#ID78">
                            <bind_vertex_input semantic="UVSET0" input_semantic="TEXCOORD" input_set="0" />
                        </instance_material>
                    </technique_common>
                </bind_material>
            </instance_geometry>
            <instance_geometry url="#ID84">
                <bind_material>
                    <technique_common>
                        <instance_material symbol="Material2" target="#ID64">
                            <bind_vertex_input semantic="UVSET0" input_semantic="TEXCOORD" input_set="0" />
                        </instance_material>
                        <instance_material symbol="Material3" target="#ID85">
                            <bind_vertex_input semantic="UVSET0" input_semantic="TEXCOORD" input_set="0" />
                        </instance_material>
                        <instance_material symbol="Material4" target="#ID76">
                            <bind_vertex_input semantic="UVSET0" input_semantic="TEXCOORD" input_set="0" />
                        </instance_material>
                    </technique_common>
                </bind_material>
            </instance_geometry>
            <instance_geometry url="#ID99">
                <bind_material>
                    <technique_common>
                        <instance_material symbol="Material2" target="#ID64">
                            <bind_vertex_input semantic="UVSET0" input_semantic="TEXCOORD" input_set="0" />
                        </instance_material>
                        <instance_material symbol="Material3" target="#ID100">
                            <bind_vertex_input semantic="UVSET0" input_semantic="TEXCOORD" input_set="0" />
                        </instance_material>
                        <instance_material symbol="Material4" target="#ID76">
                            <bind_vertex_input semantic="UVSET0" input_semantic="TEXCOORD" input_set="0" />
                        </instance_material>
                        <instance_material symbol="Material5" target="#ID78">
                            <bind_vertex_input semantic="UVSET0" input_semantic="TEXCOORD" input_set="0" />
                        </instance_material>
                        <instance_material symbol="Material6" target="#ID110">
                            <bind_vertex_input semantic="UVSET0" input_semantic="TEXCOORD" input_set="0" />
                        </instance_material>
                    </technique_common>
                </bind_material>
            </instance_geometry>
            <instance_geometry url="#ID116">
                <bind_material>
                    <technique_common>
                        <instance_material symbol="Material2" target="#ID64">
                            <bind_vertex_input semantic="UVSET0" input_semantic="TEXCOORD" input_set="0" />
                        </instance_material>
                        <instance_material symbol="Material3" target="#ID76">
                            <bind_vertex_input semantic="UVSET0" input_semantic="TEXCOORD" input_set="0" />
                        </instance_material>
                    </technique_common>
                </bind_material>
            </instance_geometry>
            <instance_geometry url="#ID124">
                <bind_material>
                    <technique_common>
                        <instance_material symbol="Material2" target="#ID64">
                            <bind_vertex_input semantic="UVSET0" input_semantic="TEXCOORD" input_set="0" />
                        </instance_material>
                        <instance_material symbol="Material3" target="#ID76">
                            <bind_vertex_input semantic="UVSET0" input_semantic="TEXCOORD" input_set="0" />
                        </instance_material>
                    </technique_common>
                </bind_material>
            </instance_geometry>
        </node>
        <node id="ID133" name="usa_fata">
            <instance_geometry url="#ID134">
                <bind_material>
                    <technique_common>
                        <instance_material symbol="Material2" target="#ID6">
                            <bind_vertex_input semantic="UVSET0" input_semantic="TEXCOORD" input_set="0" />
                        </instance_material>
                        <instance_material symbol="Material3" target="#ID12">
                            <bind_vertex_input semantic="UVSET0" input_semantic="TEXCOORD" input_set="0" />
                        </instance_material>
                    </technique_common>
                </bind_material>
            </instance_geometry>
        </node>
        <node id="ID143" name="Component_7">
            <node id="ID144" name="instance_4">
                <matrix>1 0 0 0 0 1 0 0 0 0 1 0 0 0 0 1</matrix>
                <instance_node url="#ID133" />
            </node>
            <node id="ID145" name="instance_5">
                <matrix>1 0 0 0.7086614 0 1 0 15.96575 0 0 1 11.3635 0 0 0 1</matrix>
                <instance_node url="#ID62" />
            </node>
        </node>
        <node id="ID147" name="picior">
            <instance_geometry url="#ID148">
                <bind_material>
                    <technique_common>
                        <instance_material symbol="Material2" target="#ID150">
                            <bind_vertex_input semantic="UVSET0" input_semantic="TEXCOORD" input_set="0" />
                        </instance_material>
                        <instance_material symbol="Material3" target="#ID156">
                            <bind_vertex_input semantic="UVSET0" input_semantic="TEXCOORD" input_set="0" />
                        </instance_material>
                        <instance_material symbol="Material4" target="#ID157">
                            <bind_vertex_input semantic="UVSET0" input_semantic="TEXCOORD" input_set="0" />
                        </instance_material>
                    </technique_common>
                </bind_material>
            </instance_geometry>
            <instance_geometry url="#ID162">
                <bind_material>
                    <technique_common>
                        <instance_material symbol="Material2" target="#ID156">
                            <bind_vertex_input semantic="UVSET0" input_semantic="TEXCOORD" input_set="0" />
                        </instance_material>
                        <instance_material symbol="Material3" target="#ID163">
                            <bind_vertex_input semantic="UVSET0" input_semantic="TEXCOORD" input_set="0" />
                        </instance_material>
                        <instance_material symbol="Material4" target="#ID157">
                            <bind_vertex_input semantic="UVSET0" input_semantic="TEXCOORD" input_set="0" />
                        </instance_material>
                        <instance_material symbol="Material5" target="#ID173">
                            <bind_vertex_input semantic="UVSET0" input_semantic="TEXCOORD" input_set="0" />
                        </instance_material>
                    </technique_common>
                </bind_material>
            </instance_geometry>
            <instance_geometry url="#ID179">
                <bind_material>
                    <technique_common>
                        <instance_material symbol="Material2" target="#ID156">
                            <bind_vertex_input semantic="UVSET0" input_semantic="TEXCOORD" input_set="0" />
                        </instance_material>
                        <instance_material symbol="Material3" target="#ID163">
                            <bind_vertex_input semantic="UVSET0" input_semantic="TEXCOORD" input_set="0" />
                        </instance_material>
                        <instance_material symbol="Material4" target="#ID157">
                            <bind_vertex_input semantic="UVSET0" input_semantic="TEXCOORD" input_set="0" />
                        </instance_material>
                        <instance_material symbol="Material5" target="#ID173">
                            <bind_vertex_input semantic="UVSET0" input_semantic="TEXCOORD" input_set="0" />
                        </instance_material>
                    </technique_common>
                </bind_material>
            </instance_geometry>
            <instance_geometry url="#ID189">
                <bind_material>
                    <technique_common>
                        <instance_material symbol="Material2" target="#ID150">
                            <bind_vertex_input semantic="UVSET0" input_semantic="TEXCOORD" input_set="0" />
                        </instance_material>
                        <instance_material symbol="Material3" target="#ID156">
                            <bind_vertex_input semantic="UVSET0" input_semantic="TEXCOORD" input_set="0" />
                        </instance_material>
                        <instance_material symbol="Material4" target="#ID157">
                            <bind_vertex_input semantic="UVSET0" input_semantic="TEXCOORD" input_set="0" />
                        </instance_material>
                    </technique_common>
                </bind_material>
            </instance_geometry>
            <instance_geometry url="#ID197">
                <bind_material>
                    <technique_common>
                        <instance_material symbol="Material2" target="#ID150">
                            <bind_vertex_input semantic="UVSET0" input_semantic="TEXCOORD" input_set="0" />
                        </instance_material>
                        <instance_material symbol="Material3" target="#ID156">
                            <bind_vertex_input semantic="UVSET0" input_semantic="TEXCOORD" input_set="0" />
                        </instance_material>
                        <instance_material symbol="Material4" target="#ID157">
                            <bind_vertex_input semantic="UVSET0" input_semantic="TEXCOORD" input_set="0" />
                        </instance_material>
                    </technique_common>
                </bind_material>
            </instance_geometry>
            <instance_geometry url="#ID205">
                <bind_material>
                    <technique_common>
                        <instance_material symbol="Material2" target="#ID150">
                            <bind_vertex_input semantic="UVSET0" input_semantic="TEXCOORD" input_set="0" />
                        </instance_material>
                        <instance_material symbol="Material3" target="#ID156">
                            <bind_vertex_input semantic="UVSET0" input_semantic="TEXCOORD" input_set="0" />
                        </instance_material>
                        <instance_material symbol="Material4" target="#ID157">
                            <bind_vertex_input semantic="UVSET0" input_semantic="TEXCOORD" input_set="0" />
                        </instance_material>
                    </technique_common>
                </bind_material>
            </instance_geometry>
            <instance_geometry url="#ID213">
                <bind_material>
                    <technique_common>
                        <instance_material symbol="Material2" target="#ID150">
                            <bind_vertex_input semantic="UVSET0" input_semantic="TEXCOORD" input_set="0" />
                        </instance_material>
                        <instance_material symbol="Material3" target="#ID156">
                            <bind_vertex_input semantic="UVSET0" input_semantic="TEXCOORD" input_set="0" />
                        </instance_material>
                        <instance_material symbol="Material4" target="#ID157">
                            <bind_vertex_input semantic="UVSET0" input_semantic="TEXCOORD" input_set="0" />
                        </instance_material>
                    </technique_common>
                </bind_material>
            </instance_geometry>
            <instance_geometry url="#ID221">
                <bind_material>
                    <technique_common>
                        <instance_material symbol="Material2" target="#ID150">
                            <bind_vertex_input semantic="UVSET0" input_semantic="TEXCOORD" input_set="0" />
                        </instance_material>
                        <instance_material symbol="Material3" target="#ID156">
                            <bind_vertex_input semantic="UVSET0" input_semantic="TEXCOORD" input_set="0" />
                        </instance_material>
                        <instance_material symbol="Material4" target="#ID157">
                            <bind_vertex_input semantic="UVSET0" input_semantic="TEXCOORD" input_set="0" />
                        </instance_material>
                    </technique_common>
                </bind_material>
            </instance_geometry>
        </node>
        <node id="ID233" name="Component_8">
            <instance_geometry url="#ID234">
                <bind_material>
                    <technique_common>
                        <instance_material symbol="Material2" target="#ID235">
                            <bind_vertex_input semantic="UVSET0" input_semantic="TEXCOORD" input_set="0" />
                        </instance_material>
                        <instance_material symbol="Material3" target="#ID245">
                            <bind_vertex_input semantic="UVSET0" input_semantic="TEXCOORD" input_set="0" />
                        </instance_material>
                    </technique_common>
                </bind_material>
            </instance_geometry>
        </node>
        <node id="ID253" name="Component_9">
            <instance_geometry url="#ID254">
                <bind_material>
                    <technique_common>
                        <instance_material symbol="Material2" target="#ID235">
                            <bind_vertex_input semantic="UVSET0" input_semantic="TEXCOORD" input_set="0" />
                        </instance_material>
                        <instance_material symbol="Material3" target="#ID245">
                            <bind_vertex_input semantic="UVSET0" input_semantic="TEXCOORD" input_set="0" />
                        </instance_material>
                    </technique_common>
                </bind_material>
            </instance_geometry>
        </node>
    </library_nodes>
    <scene>
        <instance_visual_scene url="#ID2" />
    </scene>
</COLLADA>
